t,v_ref,w_ref,v,w,omega_L,omega_R,u_L,u_R,w_L,w_R,theta1_L,theta2_L,theta1_R,theta2_R,e_L,e_R
14958419,0.00,0.00,0.00,-0.00,0.00,0.00,0.00,0.00,0.00,0.00,15.03,0.00,15.03,0.00,0.00,0.00
14988433,0.30,0.00,0.00,-0.01,0.00,0.00,25.97,25.99,390.90,391.22,15.05,0.00,15.05,0.00,-16.42,-16.43
15015028,0.30,0.00,0.00,-0.64,0.00,0.00,24.87,27.09,374.88,408.59,15.08,0.00,15.08,0.00,-21.76,-23.17
15045203,0.30,0.00,0.24,-0.88,0.03,22.73,14.06,17.13,212.44,258.68,15.11,0.00,15.11,0.00,-17.58,2.47
15085658,0.30,0.00,0.45,-0.86,19.13,22.73,5.37,8.38,80.91,126.07,15.10,0.01,15.10,0.02,10.08,10.71
15115740,0.30,0.00,0.41,0.62,19.13,18.88,9.71,7.55,145.91,113.24,15.09,0.04,15.09,0.04,10.52,10.53
15155981,0.30,0.00,0.23,0.29,10.63,10.89,16.66,15.66,251.09,235.70,15.09,0.04,15.08,0.05,-3.33,-1.90
15186165,0.30,0.00,0.22,-0.78,9.65,10.89,15.25,17.97,229.96,270.65,15.10,0.03,15.09,0.04,-5.75,-5.84
15226717,0.30,0.00,0.34,0.02,15.08,16.30,14.62,14.68,220.47,220.89,15.10,0.03,15.09,0.04,0.20,0.58
15256842,0.30,0.00,0.33,0.19,14.82,16.30,12.11,11.45,182.47,172.10,15.10,0.03,15.09,0.04,1.75,3.52
15297191,0.30,0.00,0.30,-0.01,13.71,14.15,13.25,13.28,199.64,199.74,15.10,0.03,15.09,0.05,0.75,1.36
15327324,0.30,0.00,0.30,0.12,13.71,14.15,13.47,13.06,203.00,196.31,15.10,0.03,15.09,0.05,0.36,1.07
15367783,0.30,0.00,0.30,-0.40,14.09,13.46,13.29,14.65,200.18,220.33,15.10,0.03,15.09,0.05,0.75,-0.60
15397893,0.30,0.00,0.30,-0.54,14.09,13.55,12.42,14.31,187.09,215.29,15.10,0.03,15.09,0.05,1.34,-0.81
15438292,0.30,0.00,0.32,-0.04,14.57,14.95,12.44,12.57,187.30,188.88,15.09,0.04,15.08,0.05,2.09,1.74
15468407,0.30,0.00,0.31,-0.51,13.73,14.81,12.59,13.33,189.42,200.20,15.09,0.04,15.08,0.05,1.19,1.68
15508714,0.30,0.00,0.30,-0.14,13.54,14.27,12.98,13.61,195.29,204.41,15.09,0.04,15.08,0.05,0.71,0.79
15538817,0.30,0.00,0.29,0.03,13.12,13.55,13.85,13.78,208.43,207.03,15.09,0.04,15.08,0.05,-0.38,-0.15
15579228,0.30,0.00,0.28,0.19,12.62,13.65,14.84,13.15,223.48,197.59,15.09,0.04,15.08,0.05,-1.81,0.28
15609416,0.30,0.00,0.30,0.40,14.43,13.58,13.80,12.60,207.74,189.25,15.09,0.04,15.08,0.05,0.30,0.75
15649743,0.30,0.00,0.31,0.07,15.08,13.77,12.95,12.69,194.81,190.54,15.09,0.04,15.08,0.06,1.77,1.08
15679978,0.00,0.00,0.29,-0.24,13.97,12.92,0.00,0.00,0.00,0.00,15.09,0.05,15.08,0.06,9.16,8.25
15720215,0.00,0.00,0.29,0.84,13.97,12.92,0.00,0.00,0.00,0.00,15.08,0.06,15.07,0.08,13.32,12.28
15750233,0.00,0.00,0.29,-0.07,13.97,12.92,0.00,0.00,0.00,0.00,15.08,0.08,15.07,0.09,13.88,12.83
15790569,0.00,0.00,0.09,0.50,13.97,-5.18,0.00,0.00,0.00,0.00,15.08,0.10,15.07,0.10,13.96,-5.20
15820702,0.00,0.00,0.09,0.22,13.97,-5.18,0.00,0.00,0.00,0.00,15.07,0.12,15.06,0.11,13.97,-5.19
15861049,0.00,0.00,0.09,-0.44,13.97,-5.18,0.00,0.00,0.00,0.00,15.07,0.14,15.06,0.11,13.97,-5.18
15891238,0.00,0.00,0.09,-0.32,13.97,-5.62,0.00,0.00,0.00,0.00,15.06,0.16,15.06,0.11,13.97,-5.62
15931613,0.00,0.00,0.09,-0.10,13.97,-5.62,0.00,0.00,0.00,0.00,15.06,0.18,15.06,0.11,13.97,-5.62
15961730,0.00,0.00,0.09,-0.09,13.97,-5.62,0.00,0.00,0.00,0.00,15.05,0.20,15.06,0.12,13.97,-5.62
16002001,-0.30,0.00,0.09,-0.10,13.97,-5.62,-29.97,-29.61,-455.71,-445.61,15.10,0.23,15.07,0.12,32.91,13.09
16032302,-0.30,0.00,-0.08,0.61,-1.46,-5.62,-21.68,-23.81,-328.57,-359.48,15.17,0.26,15.12,0.10,21.78,18.85
16058904,-0.30,0.00,-0.24,0.60,-19.38,-2.99,-14.72,-16.83,-218.28,-254.29,15.17,0.26,15.13,0.10,-1.53,16.65
16089419,-0.30,0.00,-0.44,0.44,-20.45,-20.92,-6.33,-7.87,-90.32,-116.65,15.16,0.27,15.12,0.12,-10.61,-9.38
16116049,-0.30,0.00,-0.40,-0.15,-20.45,-16.54,-9.69,-8.50,-141.08,-126.56,15.15,0.29,15.12,0.12,-10.71,-6.92
16146415,-0.30,0.00,-0.30,-0.35,-11.61,-16.54,-14.33,-11.93,-213.85,-178.14,15.15,0.29,15.11,0.13,1.02,-5.72
16172902,-0.30,0.00,-0.23,0.48,-11.61,-9.70,-15.42,-17.09,-230.34,-257.06,15.16,0.28,15.11,0.13,2.78,5.08
16203131,-0.30,0.00,-0.21,1.04,-9.92,-9.70,-15.21,-18.85,-227.80,-283.86,15.16,0.28,15.13,0.12,5.23,8.19
16243863,-0.30,0.00,-0.30,0.36,-13.35,-14.76,-11.84,-14.47,-175.87,-217.21,15.17,0.28,15.13,0.12,-0.28,1.19
16274244,-0.30,0.00,-0.32,-0.37,-14.97,-14.76,-12.81,-12.02,-190.06,-180.10,15.16,0.28,15.13,0.12,-2.35,-1.64
16300760,-0.30,0.00,-0.31,-0.03,-13.69,-15.33,-12.80,-12.68,-190.22,-190.03,15.16,0.28,15.13,0.12,-0.95,-2.48
16331129,-0.30,0.00,-0.29,-0.02,-13.56,-13.88,-13.43,-13.37,-199.77,-200.59,15.16,0.28,15.13,0.12,-0.37,-0.74
16357688,-0.30,0.00,-0.28,0.28,-13.56,-12.81,-13.45,-14.45,-200.11,-217.04,15.16,0.28,15.13,0.12,-0.20,1.16
16388006,-0.30,0.00,-0.29,0.48,-13.99,-12.81,-12.90,-14.60,-191.66,-219.39,15.16,0.28,15.13,0.12,-0.90,1.67
16414567,-0.30,0.00,-0.29,0.73,-14.24,-12.64,-12.55,-14.87,-186.21,-223.59,15.16,0.28,15.13,0.12,-1.49,2.09
16444933,-0.30,0.00,-0.29,-0.05,-13.46,-13.07,-13.59,-13.44,-202.19,-201.96,15.16,0.29,15.13,0.12,-0.22,0.88
16471481,-0.30,0.00,-0.29,-0.25,-13.46,-13.07,-14.32,-13.43,-213.14,-201.80,15.16,0.28,15.13,0.11,0.46,0.56
16501676,-0.30,0.00,-0.29,0.39,-13.36,-13.42,-13.08,-14.44,-194.46,-217.04,15.16,0.28,15.13,0.11,0.12,0.68
16528207,-0.30,0.00,-0.29,0.63,-14.55,-12.80,-12.39,-14.61,-183.63,-219.60,15.15,0.29,15.14,0.11,-1.76,1.62
16558584,-0.30,0.00,-0.29,0.34,-13.66,-13.76,-12.86,-14.07,-190.98,-211.39,15.15,0.29,15.14,0.11,-0.92,0.48
16585104,-0.30,0.00,-0.29,-0.01,-13.66,-13.76,-13.49,-13.44,-200.49,-201.88,15.15,0.29,15.14,0.11,-0.45,-0.03
16615433,-0.30,0.00,-0.29,0.03,-13.48,-13.33,-13.69,-13.80,-203.59,-207.40,15.15,0.29,15.14,0.11,0.10,0.38
16642083,-0.30,0.00,-0.32,0.23,-14.91,-14.64,-12.35,-12.65,-182.76,-189.75,15.15,0.29,15.14,0.11,-2.11,-1.60
16672601,-0.30,0.00,-0.28,0.30,-13.51,-12.69,-12.62,-13.64,-187.30,-205.02,15.15,0.29,15.13,0.11,-0.93,0.64
16699165,0.00,0.00,-0.28,0.17,-13.51,-12.69,0.00,0.00,0.00,0.00,15.15,0.30,15.13,0.12,-8.88,-7.79
16729346,0.00,0.00,-0.28,0.28,-13.30,-12.71,0.00,0.00,0.00,0.00,15.14,0.31,15.13,0.13,-12.67,-12.04
16769736,0.00,0.00,-0.28,0.24,-13.30,-12.71,0.00,0.00,0.00,0.00,15.14,0.33,15.13,0.15,-13.21,-12.62
16799915,0.00,0.00,-0.28,-0.22,-13.30,-12.71,0.00,0.00,0.00,0.00,15.13,0.35,15.12,0.17,-13.28,-12.69
16840299,0.00,0.00,-0.28,0.24,-13.30,-12.71,0.00,0.00,0.00,0.00,15.13,0.37,15.12,0.18,-13.29,-12.71
16870498,0.00,0.00,-0.28,0.13,-13.30,-12.71,0.00,0.00,0.00,0.00,15.13,0.38,15.11,0.20,-13.30,-12.71
16910851,0.00,0.00,-0.28,0.19,-13.30,-12.71,0.00,0.00,0.00,0.00,15.12,0.40,15.11,0.21,-13.30,-12.71
16941045,0.00,0.00,-0.28,-0.11,-13.30,-12.71,0.00,0.00,0.00,0.00,15.12,0.42,15.11,0.23,-13.30,-12.71
16981422,0.00,0.00,-0.28,0.04,-13.30,-12.71,0.00,0.00,0.00,0.00,15.11,0.44,15.10,0.25,-13.30,-12.71
17011710,0.25,-2.50,-0.28,0.00,-13.30,-12.71,42.43,24.59,650.91,375.49,15.19,0.47,15.13,0.27,-40.12,-28.25
17052091,0.25,-2.50,0.03,-1.04,1.56,1.57,27.32,13.11,417.93,198.50,15.33,0.50,15.18,0.29,-29.20,-14.54
17082310,0.25,-2.50,0.53,-1.57,31.94,17.60,5.22,-7.14,62.79,-113.77,15.31,0.54,15.19,0.31,18.12,16.88
17122776,0.25,-2.50,0.47,-2.40,26.10,17.60,6.42,-3.01,82.98,-51.81,15.30,0.59,15.19,0.34,18.96,21.06
17152950,0.25,-2.50,0.31,-3.08,10.80,17.60,12.22,5.16,180.19,71.77,15.29,0.61,15.18,0.38,0.61,15.50
17193284,0.25,-2.50,0.31,-2.08,10.80,17.60,13.97,3.41,207.04,44.68,15.29,0.61,15.17,0.40,-2.26,13.96
17223404,0.25,-2.50,0.28,-2.47,8.64,17.60,14.27,5.08,212.94,69.63,15.29,0.61,15.16,0.42,-5.39,13.10
17263746,0.25,-2.50,0.32,-3.19,12.42,17.60,11.29,4.61,165.16,62.02,15.30,0.60,15.15,0.45,0.07,12.89
17293804,0.25,-2.50,0.33,-3.28,13.45,17.60,10.66,4.30,154.91,56.87,15.29,0.60,15.14,0.47,2.41,13.17
17334119,0.25,-2.50,0.32,-2.72,12.20,17.60,12.21,3.89,179.39,50.15,15.29,0.61,15.13,0.49,0.51,13.54
17364135,0.25,-2.50,0.32,-2.19,12.20,17.60,13.13,2.97,193.41,35.82,15.29,0.61,15.12,0.52,-0.52,14.27
17404479,0.25,-2.50,0.15,-2.56,11.91,1.78,19.84,10.95,296.39,164.75,15.30,0.60,15.13,0.52,-5.41,-6.28
17434618,0.25,-2.50,0.15,-2.66,12.49,1.78,19.40,10.87,289.49,163.63,15.31,0.59,15.13,0.51,-6.73,-8.73
17474987,0.25,-2.50,0.27,-2.61,19.66,5.31,14.60,5.91,211.72,86.67,15.31,0.60,15.14,0.51,3.32,-2.37
17505176,0.25,-2.50,0.27,-2.77,19.70,5.31,14.31,6.16,206.92,90.46,15.30,0.61,15.14,0.51,5.05,-0.99
17545606,0.25,-2.50,0.26,-2.65,16.76,7.59,14.81,6.26,216.24,90.82,15.29,0.61,15.14,0.51,2.09,1.35
17575669,0.25,-2.50,0.24,-2.82,14.86,7.59,15.38,7.42,226.08,108.46,15.29,0.61,15.14,0.51,-0.29,0.60
17616027,0.25,-2.50,0.24,-2.68,14.37,7.59,15.85,7.40,233.61,108.12,15.29,0.61,15.14,0.51,-1.28,0.24
17646172,0.25,-2.50,0.37,-2.52,26.50,7.59,10.36,1.82,140.72,23.61,15.27,0.66,15.14,0.51,14.15,3.72
17686605,0.25,-2.50,0.21,-2.34,14.52,4.59,17.31,8.54,254.20,126.89,15.26,0.68,15.14,0.51,-0.50,-1.75
17716834,0.25,-2.50,0.21,-2.30,14.52,4.59,18.41,7.44,271.16,110.20,15.26,0.68,15.14,0.51,-3.18,-2.95
17757203,0.25,-2.50,0.24,-2.37,16.71,5.34,16.39,6.78,238.93,99.84,15.26,0.67,15.14,0.51,-0.33,-1.69
17787414,0.25,-2.50,0.25,-3.28,17.72,5.34,15.61,6.63,226.36,97.70,15.26,0.67,15.14,0.51,1.73,-1.38
17827815,0.25,-2.50,0.24,-2.70,17.16,5.34,15.57,7.19,225.91,106.12,15.26,0.68,15.14,0.51,1.53,-1.65
17858004,0.25,-2.50,0.21,-2.91,14.88,5.06,16.38,8.72,239.89,129.45,15.26,0.68,15.14,0.51,-1.22,-3.08
17898490,0.25,-2.50,0.24,-2.09,17.05,5.06,16.82,6.29,245.18,92.69,15.26,0.68,15.14,0.51,0.43,-2.05
17928775,0.25,-2.50,0.25,-2.01,16.11,6.87,17.38,6.59,254.38,97.30,15.26,0.68,15.14,0.51,-1.04,-1.54
17969216,0.25,-2.50,0.26,-2.71,17.65,6.87,14.63,6.29,211.25,91.71,15.26,0.68,15.14,0.51,2.04,0.47
17999261,0.25,-2.50,0.25,-2.64,16.67,6.87,14.75,6.16,213.66,89.84,15.25,0.68,15.14,0.51,1.83,0.64
18039656,0.25,-2.50,0.22,-2.39,14.99,5.36,17.09,7.62,250.50,112.64,15.25,0.68,15.14,0.51,-1.25,-1.73
18069854,0.25,-2.50,0.23,-2.48,16.24,5.36,16.37,7.21,238.62,106.47,15.26,0.68,15.14,0.51,-0.28,-1.92
18110238,0.25,-2.50,0.23,-2.77,16.18,5.36,15.89,7.74,231.45,114.51,15.26,0.68,15.14,0.50,0.09,-2.19
18140437,0.25,-2.50,0.22,-2.24,15.69,5.24,17.10,7.10,250.20,104.82,15.26,0.68,15.14,0.50,-0.99,-2.07
18180817,0.25,-2.50,0.23,-2.19,16.11,5.24,16.99,6.82,248.30,100.65,15.26,0.68,15.14,0.50,-0.86,-1.71
18210923,0.25,-2.50,0.25,-2.25,17.73,5.24,16.15,6.18,234.29,90.97,15.26,0.68,15.15,0.50,1.28,-1.20
18251354,0.25,-2.50,0.24,-2.41,16.73,5.94,16.00,6.60,232.74,96.99,15.25,0.68,15.15,0.50,0.63,-0.54
18281483,0.25,-2.50,0.25,-2.61,17.12,5.94,15.48,6.77,224.37,99.53,15.25,0.68,15.15,0.50,1.44,-0.75
18321875,0.25,-2.50,0.24,-2.58,16.31,5.79,15.96,7.16,232.29,105.56,15.25,0.68,15.15,0.50,0.50,-1.22
18352026,0.25,-2.50,0.24,-2.42,16.45,5.79,16.25,6.88,236.49,101.29,15.25,0.68,15.15,0.50,0.33,-1.18
18392383,0.25,-2.50,0.24,-2.88,16.48,5.79,15.26,7.72,221.33,114.02,15.25,0.69,15.15,0.50,0.88,-1.63
18422568,0.25,-2.50,0.22,-2.86,15.14,5.37,15.93,8.64,232.56,128.24,15.25,0.69,15.15,0.50,-0.59,-2.89
18463131,0.25,-2.50,0.23,-2.30,16.11,5.37,16.65,7.04,242.89,103.93,15.25,0.68,15.15,0.50,-0.25,-2.21
18493378,0.25,-2.50,0.24,-2.39,15.75,6.59,16.32,6.59,238.02,96.56,15.25,0.68,15.15,0.50,-0.65,-0.24
18533728,0.25,-2.50,0.25,-2.52,16.25,6.59,15.73,6.72,228.77,98.52,15.25,0.68,15.15,0.50,0.29,-0.11
18563876,0.25,-2.50,0.24,-2.57,15.28,6.59,16.10,7.23,235.05,106.33,15.25,0.68,15.15,0.50,-0.71,-0.45
18604220,0.25,-2.50,0.24,-2.83,16.43,6.00,15.38,7.44,223.35,109.73,15.25,0.68,15.15,0.49,0.79,-1.33
18634378,0.25,-2.50,0.24,-2.83,16.31,6.00,15.42,7.50,224.01,110.67,15.25,0.68,15.15,0.49,0.87,-1.46
18674718,0.25,-2.50,0.24,-2.21,16.13,6.46,16.40,6.28,238.93,92.04,15.25,0.69,15.15,0.49,0.08,-0.27
18704830,0.25,-2.50,0.24,-2.35,15.74,6.46,16.32,6.70,238.13,98.38,15.25,0.68,15.15,0.49,-0.56,-0.15
18745234,0.25,-2.50,0.24,-3.00,15.77,6.46,14.70,7.38,213.37,108.60,15.25,0.69,15.15,0.49,0.48,-0.66
18775421,0.25,-2.50,0.23,-2.33,15.77,5.52,16.77,7.09,244.88,104.71,15.25,0.69,15.15,0.49,-0.32,-1.64
18815751,0.25,-2.50,0.22,-2.18,15.39,5.52,17.21,7.00,251.96,103.32,15.25,0.68,15.15,0.49,-1.57,-1.52
18845949,0.25,-2.50,0.23,-2.54,15.56,5.67,16.51,7.57,241.16,111.91,15.25,0.68,15.15,0.49,-1.18,-1.70
18886350,0.25,-2.50,0.25,-2.57,17.40,5.67,15.54,6.70,225.13,98.78,15.25,0.68,15.15,0.49,1.47,-1.33
18916456,0.25,-2.50,0.23,-2.72,15.96,5.67,15.94,7.61,232.10,112.64,15.25,0.68,15.16,0.49,0.12,-1.65
18956855,0.25,-2.50,0.24,-2.51,16.17,6.00,16.07,7.00,233.92,103.10,15.25,0.68,15.16,0.49,0.16,-1.18
18987033,0.25,-2.50,0.23,-2.19,15.47,6.00,16.94,6.75,247.80,99.45,15.25,0.68,15.16,0.49,-1.14,-0.87
19027481,0.25,-2.50,0.24,-2.51,16.30,6.08,15.96,6.91,232.19,101.85,15.25,0.68,15.16,0.49,0.02,-0.79
19057648,0.25,-2.50,0.48,-2.57,38.54,6.08,5.71,-3.14,58.52,-50.50,15.24,0.74,15.16,0.49,29.02,5.52
19098002,0.25,-2.50,0.38,-2.60,29.36,6.08,9.85,1.10,126.34,13.70,15.21,0.80,15.16,0.49,20.51,6.04
19128023,0.25,-2.50,0.38,-1.85,29.36,6.08,10.31,0.64,131.34,6.76,15.19,0.86,15.15,0.50,19.35,5.41
19168408,0.25,-2.50,0.05,-1.70,8.70,-4.32,25.36,13.93,378.09,213.27,15.20,0.85,15.16,0.50,-11.08,-13.36
19198721,0.25,-2.50,0.19,-1.90,9.38,8.46,19.99,7.03,296.44,102.32,15.23,0.84,15.17,0.50,-11.83,-0.44
19239127,0.25,-2.50,0.31,-2.81,20.76,8.46,13.57,4.19,189.06,59.34,15.22,0.84,15.17,0.50,4.66,2.97
19269394,0.25,-2.50,0.30,-3.60,19.37,8.49,11.55,6.31,159.07,91.45,15.21,0.86,15.17,0.51,6.74,2.78
19309655,0.25,-2.50,0.24,-2.53,13.83,8.49,15.95,6.97,230.67,101.33,15.21,0.86,15.16,0.51,-0.65,1.85
19339687,0.25,-2.50,0.24,-1.63,13.83,8.49,17.53,5.39,254.76,77.38,15.21,0.86,15.16,0.51,-2.92,2.57
19380303,0.25,-2.50,0.22,-3.19,15.90,4.73,15.56,8.90,223.16,132.55,15.21,0.86,15.16,0.51,-0.28,-2.95
19410495,0.25,-2.50,0.22,-2.83,15.68,4.73,16.21,8.26,233.14,122.82,15.21,0.86,15.16,0.51,-0.38,-3.60
19450882,0.25,-2.50,0.22,-2.41,15.62,4.73,17.06,7.66,246.19,113.82,15.22,0.86,15.16,0.51,-1.11,-3.16
19481185,0.25,-2.50,0.23,-2.49,16.05,5.19,16.52,7.39,237.71,109.38,15.22,0.85,15.17,0.51,-0.63,-2.33
19521556,0.25,-2.50,0.24,-2.46,17.26,5.19,16.02,6.78,229.08,100.23,15.22,0.86,15.17,0.51,1.03,-1.83
19551800,0.00,0.00,0.25,-2.55,16.33,6.51,0.00,0.00,0.00,0.00,15.21,0.86,15.17,0.51,10.40,3.98
19592228,0.00,0.00,0.21,-2.36,12.75,6.51,0.00,0.00,0.00,0.00,15.21,0.88,15.16,0.51,11.95,6.17
19622386,0.00,0.00,0.21,-0.70,12.75,6.51,0.00,0.00,0.00,0.00,15.21,0.90,15.16,0.51,12.64,6.46
19662580,0.00,0.00,0.21,0.61,12.75,6.51,0.00,0.00,0.00,0.00,15.20,0.92,15.16,0.52,12.73,6.50
19692628,0.00,0.00,0.21,0.14,12.75,6.51,0.00,0.00,0.00,0.00,15.20,0.93,15.16,0.52,12.75,6.51
19732896,0.00,0.00,0.21,-0.13,12.75,6.51,0.00,0.00,0.00,0.00,15.19,0.95,15.16,0.53,12.75,6.51
19762952,0.00,0.00,0.21,-0.03,12.75,6.51,0.00,0.00,0.00,0.00,15.19,0.96,15.15,0.53,12.75,6.51
19803211,0.00,0.00,0.21,-0.04,12.75,6.51,0.00,0.00,0.00,0.00,15.19,0.98,15.15,0.53,12.75,6.51
19833273,0.00,0.00,0.21,-0.04,12.75,6.51,0.00,0.00,0.00,0.00,15.18,1.00,15.15,0.54,12.75,6.51
19873486,0.25,2.50,0.21,-0.04,12.75,6.51,3.87,21.85,45.82,327.64,15.18,1.01,15.16,0.54,10.30,-7.30
19903508,0.25,2.50,0.21,0.16,12.75,6.51,4.22,21.49,51.03,322.85,15.17,1.02,15.18,0.53,8.85,-14.03
19943875,0.25,2.50,0.15,4.01,12.75,1.42,12.28,18.08,173.14,274.25,15.16,1.03,15.21,0.53,3.48,-17.78
19974037,0.25,2.50,0.35,4.12,12.75,19.77,5.86,7.76,75.64,107.41,15.16,1.03,15.21,0.54,4.94,8.06
20014387,0.25,2.50,0.16,3.03,1.23,13.47,11.98,17.90,180.32,264.73,15.16,1.04,15.20,0.54,-8.76,-1.23
20044525,0.25,2.50,0.16,1.60,1.23,13.47,9.49,20.38,142.64,302.81,15.17,1.03,15.21,0.54,-8.90,-5.57
20084902,0.25,2.50,0.20,1.75,1.23,17.73,7.13,18.85,106.92,277.45,15.17,1.03,15.22,0.53,-6.85,-1.50
20115307,0.25,2.50,0.26,2.87,6.16,18.20,6.64,14.42,94.32,209.78,15.17,1.03,15.22,0.53,-0.78,2.10
20155667,0.25,2.50,0.26,3.13,6.16,18.29,7.04,13.94,100.44,202.18,15.17,1.03,15.21,0.54,-0.77,3.94
20185939,0.25,2.50,0.23,2.09,6.00,15.64,6.51,17.03,92.52,250.50,15.17,1.03,15.21,0.54,-0.68,-0.30
20226378,0.25,2.50,0.22,2.39,6.00,14.19,7.69,17.17,110.48,253.51,15.18,1.03,15.21,0.54,-1.28,-2.78
20256683,0.25,2.50,0.25,2.96,6.00,16.88,7.46,14.95,107.02,218.24,15.18,1.03,15.21,0.54,-1.49,1.14
20297079,0.25,2.50,0.25,2.58,5.82,17.22,6.72,15.54,96.05,226.93,15.18,1.03,15.21,0.54,-1.18,1.79
20327265,0.25,2.50,0.23,2.41,5.82,15.82,7.08,16.47,101.40,241.80,15.18,1.03,15.21,0.54,-1.17,-0.29
20367606,0.25,2.50,0.25,2.85,6.52,17.05,7.34,15.24,104.68,222.35,15.18,1.03,15.20,0.55,-0.71,1.41
20397782,0.25,2.50,0.25,2.62,6.52,17.05,6.55,15.22,92.77,222.03,15.18,1.03,15.20,0.55,-0.30,1.77
20438276,0.25,2.50,0.24,2.65,6.52,15.92,7.11,15.69,101.28,229.78,15.18,1.03,15.20,0.55,-0.42,0.39
20468449,0.25,2.50,0.22,2.43,5.65,15.02,7.15,16.46,102.65,241.99,15.18,1.03,15.20,0.55,-1.46,-1.14
20508804,0.25,2.50,0.24,2.31,5.65,16.44,6.70,16.44,95.84,240.91,15.18,1.03,15.20,0.55,-1.21,0.03
20539005,0.25,2.50,0.25,2.47,5.91,17.33,6.45,15.64,91.78,228.28,15.18,1.03,15.20,0.55,-0.65,1.39
20579437,0.25,2.50,0.24,2.93,5.91,16.49,7.63,15.23,109.70,222.31,15.18,1.03,15.20,0.55,-1.30,1.07
20609685,0.25,2.50,0.23,2.46,5.91,15.88,7.09,16.32,101.55,239.29,15.18,1.02,15.20,0.55,-1.32,-0.07
20650139,0.25,2.50,0.23,2.32,5.25,16.39,6.02,17.52,86.04,257.30,15.18,1.02,15.20,0.55,-1.18,-0.65
20680382,0.25,2.50,0.22,2.54,5.25,15.44,7.33,17.08,105.86,251.19,15.18,1.02,15.20,0.55,-1.65,-1.74
20720839,0.25,2.50,0.24,2.67,5.87,16.92,7.19,15.30,103.16,223.31,15.18,1.02,15.20,0.55,-1.31,0.95
20750943,0.25,2.50,0.24,2.66,5.87,16.60,7.53,15.25,108.40,222.57,15.18,1.02,15.20,0.55,-1.54,1.24
20791499,0.25,2.50,0.24,1.99,5.87,16.16,6.15,17.04,87.36,250.00,15.18,1.02,15.20,0.55,-0.77,-0.24
20821794,0.25,2.50,0.25,2.06,6.32,16.88,5.75,16.37,80.83,239.39,15.18,1.02,15.20,0.55,0.36,0.36
20862236,0.25,2.50,0.25,2.94,6.32,16.54,7.44,14.99,106.52,218.57,15.18,1.02,15.20,0.55,-0.53,1.03
20892428,0.25,2.50,0.25,2.83,6.32,16.70,7.17,15.12,102.36,220.42,15.18,1.02,15.19,0.56,-0.87,1.56
20932800,0.25,2.50,0.23,2.21,5.00,16.24,6.90,17.00,99.71,249.19,15.18,1.02,15.19,0.56,-2.00,-0.07
20963024,0.25,2.50,0.22,2.28,5.00,15.80,7.22,17.09,104.55,250.81,15.18,1.02,15.19,0.56,-2.11,-1.16
21003546,0.25,2.50,0.24,3.08,5.97,16.62,7.81,14.87,112.53,216.62,15.19,1.02,15.19,0.56,-1.61,0.95
21033645,0.25,2.50,0.25,2.32,5.97,17.46,6.10,15.81,86.54,230.38,15.19,1.02,15.19,0.56,-0.73,1.88
21074128,0.25,2.50,0.24,2.05,6.53,15.71,5.91,16.58,83.17,242.96,15.19,1.02,15.19,0.56,0.47,-0.55
21104261,0.25,2.50,0.24,2.34,6.53,15.71,6.67,16.32,94.72,239.12,15.19,1.02,15.19,0.56,0.11,-0.66
21144825,0.25,2.50,0.25,2.76,6.53,16.92,6.85,15.04,97.40,218.99,15.19,1.02,15.19,0.56,-0.22,1.40
21175029,0.25,2.50,0.25,3.12,6.53,16.44,7.70,14.62,110.38,212.80,15.19,1.02,15.19,0.56,-0.85,1.60
21215425,0.25,2.50,0.23,2.35,4.90,16.20,7.21,16.82,104.57,246.26,15.19,1.01,15.18,0.56,-2.45,0.16
21245555,0.25,2.50,0.22,2.20,4.90,15.23,7.39,17.53,107.31,257.65,15.19,1.01,15.19,0.56,-2.44,-1.94
21285955,0.25,2.50,0.25,3.01,6.15,16.93,7.46,14.78,107.07,214.89,15.19,1.01,15.19,0.56,-1.28,1.19
21316067,0.25,2.50,0.25,2.84,6.15,16.88,7.54,14.74,108.31,214.25,15.19,1.01,15.18,0.56,-1.36,1.99
21356623,0.25,2.50,0.25,2.37,6.25,16.74,6.51,15.81,92.61,230.44,15.19,1.01,15.18,0.57,-0.64,1.30
21386742,0.25,2.50,0.23,2.53,6.25,14.95,7.54,16.41,108.22,240.61,15.19,1.01,15.18,0.57,-0.97,-1.18
21427203,0.25,2.50,0.24,2.99,6.25,15.82,7.74,15.41,111.29,225.08,15.19,1.01,15.18,0.56,-1.38,0.07
21457334,0.25,2.50,0.24,2.59,6.12,16.65,6.87,15.64,98.20,228.01,15.19,1.01,15.18,0.57,-1.06,1.04
21497685,0.25,2.50,0.24,2.46,6.12,16.12,6.88,16.11,98.38,235.37,15.19,1.01,15.18,0.57,-0.80,0.19
21527887,0.25,2.50,0.25,2.47,6.19,17.09,6.42,15.62,91.35,227.37,15.19,1.01,15.18,0.57,-0.41,1.31
21568300,0.25,2.50,0.24,2.43,6.19,16.17,6.77,16.11,96.61,235.26,15.19,1.01,15.18,0.57,-0.47,0.22
21598512,0.25,2.50,0.24,2.46,6.19,16.43,6.70,15.95,95.53,232.64,15.19,1.01,15.17,0.57,-0.52,0.44
21638899,0.25,2.50,0.24,2.65,5.77,16.35,7.27,15.84,104.62,231.03,15.19,1.01,15.17,0.57,-1.29,0.46
21669203,0.25,2.50,0.24,2.70,5.77,16.49,7.30,15.68,105.09,228.51,15.19,1.01,15.17,0.57,-1.49,0.74
21709779,0.25,2.50,0.24,2.56,5.77,16.79,6.91,15.79,99.14,229.97,15.19,1.00,15.17,0.57,-1.28,1.03
21739952,0.25,2.50,0.23,2.30,5.13,15.83,7.20,16.97,104.18,248.43,15.19,1.00,15.17,0.57,-1.98,-0.71
21780257,0.25,2.50,0.24,2.28,5.13,17.26,7.00,16.89,101.26,246.40,15.20,1.00,15.17,0.57,-1.93,0.39
21810433,0.25,2.50,0.25,2.73,6.19,17.26,6.80,15.09,97.16,219.01,15.20,1.00,15.17,0.57,-0.69,1.51
21850991,0.25,2.50,0.24,2.50,6.19,16.47,6.75,15.86,96.43,231.05,15.20,1.00,15.17,0.58,-0.59,0.81
21881287,0.25,2.50,0.24,2.02,6.19,15.77,6.25,17.00,88.74,248.85,15.20,1.00,15.17,0.58,-0.25,-0.79
21921706,0.25,2.50,0.25,2.53,6.06,17.46,6.42,15.40,91.47,223.59,15.20,1.00,15.17,0.58,-0.32,1.53
21951902,0.25,2.50,0.24,2.68,6.06,16.33,7.20,15.66,103.30,228.07,15.20,1.00,15.17,0.58,-0.84,0.69
21992373,0.25,2.50,0.24,2.28,5.38,17.17,6.35,16.36,91.14,238.07,15.20,1.00,15.16,0.58,-1.24,1.07
22022507,0.25,2.50,0.23,2.59,5.38,15.88,7.57,16.32,109.61,238.24,15.20,1.00,15.16,0.58,-1.77,-0.42
22062789,0.25,2.50,0.24,2.99,5.38,16.86,7.48,15.51,108.34,225.39,15.20,1.00,15.16,0.58,-2.07,1.05
22093079,0.25,2.50,0.24,2.40,5.54,16.84,6.89,15.97,99.19,232.29,15.20,1.00,15.16,0.58,-1.56,1.00
22133584,0.25,2.50,0.23,2.49,5.54,15.51,7.12,16.23,102.63,236.95,15.20,1.00,15.16,0.58,-1.52,-0.60
22163790,0.25,2.50,0.25,2.20,6.44,17.07,6.55,16.71,93.16,243.39,15.20,1.00,15.16,0.58,-0.31,0.56
22204160,0.25,2.50,0.24,2.51,6.44,16.15,6.80,15.88,97.02,231.32,15.20,1.00,15.16,0.58,-0.30,-0.01
22234401,0.25,2.50,0.25,2.40,6.44,16.46,6.48,15.92,92.04,231.75,15.20,1.00,15.16,0.58,-0.15,0.52
22274798,0.25,2.50,0.24,2.65,5.88,16.03,7.36,15.93,106.07,232.20,15.20,0.99,15.16,0.58,-1.17,0.09
22305034,0.00,0.00,0.25,2.82,5.88,17.06,0.00,0.00,0.00,0.00,15.20,1.00,15.16,0.59,3.22,11.20
22345420,0.00,0.00,0.18,1.39,5.88,10.92,0.00,0.00,0.00,0.00,15.20,1.00,15.15,0.61,5.52,10.13
22375565,0.00,0.00,0.18,-0.16,5.88,10.92,0.00,0.00,0.00,0.00,15.20,1.00,15.15,0.62,5.83,10.82
22415803,0.00,0.00,0.16,0.01,5.88,9.15,0.00,0.00,0.00,0.00,15.20,1.00,15.15,0.63,5.88,9.14
22445931,0.00,0.00,0.16,-0.05,5.88,9.15,0.00,0.00,0.00,0.00,15.19,1.01,15.14,0.64,5.88,9.15
22476016,0.00,0.00,0.16,-0.11,5.88,9.15,0.00,0.00,0.00,0.00,15.19,1.01,15.14,0.65,5.88,9.15
22516228,0.00,0.00,0.16,-0.23,5.88,9.15,0.00,0.00,0.00,0.00,15.19,1.01,15.14,0.66,5.88,9.15
22546261,0.00,0.00,0.16,-0.01,5.88,9.15,0.00,0.00,0.00,0.00,15.19,1.02,15.14,0.67,5.88,9.15
22576338,0.00,0.00,0.16,-0.03,5.88,9.15,0.00,0.00,0.00,0.00,15.19,1.02,15.13,0.67,5.88,9.15
22616526,0.30,0.00,0.16,0.01,5.88,9.15,19.14,19.10,284.71,282.90,15.19,1.02,15.13,0.68,-6.22,-2.92
22646875,0.30,0.00,0.04,0.67,1.32,2.23,25.54,23.18,387.44,350.08,15.22,1.02,15.16,0.67,-20.91,-18.51
22687293,0.30,0.00,0.32,0.29,15.93,13.86,12.90,11.87,180.58,171.01,15.25,1.01,15.19,0.67,-1.18,-1.84
22717555,0.30,0.00,0.48,-0.01,20.80,23.43,5.78,5.82,66.59,71.87,15.24,1.03,15.17,0.70,11.83,14.87
22758029,0.30,0.00,0.28,-0.08,12.78,13.07,14.32,14.05,204.80,203.87,15.23,1.05,15.17,0.70,1.17,1.68
22788080,0.30,0.00,0.28,-0.09,12.78,13.07,13.80,14.57,196.89,211.79,15.23,1.05,15.17,0.70,-0.85,-0.95
22828465,0.30,0.00,0.18,0.23,8.49,7.88,18.99,18.03,280.64,268.19,15.24,1.04,15.18,0.70,-8.57,-8.80
22858611,0.30,0.00,0.28,0.14,12.77,13.23,14.19,14.04,203.18,203.95,15.25,1.04,15.18,0.69,-2.93,-2.09
22899034,0.30,0.00,0.32,-0.15,15.10,15.03,11.82,12.64,164.61,181.47,15.25,1.04,15.18,0.69,2.20,1.70
22929156,0.30,0.00,0.30,0.07,13.96,13.67,13.50,13.24,191.32,191.45,15.24,1.04,15.18,0.70,0.93,0.56
22969538,0.30,0.00,0.29,0.13,13.50,13.81,13.75,13.29,195.52,192.14,15.24,1.04,15.18,0.70,-0.09,0.56
22999649,0.30,0.00,0.28,0.03,12.91,13.30,14.07,13.96,201.17,202.69,15.25,1.04,15.18,0.70,-1.02,-0.41
23039974,0.30,0.00,0.28,-0.21,13.16,12.71,13.81,14.54,196.96,211.86,15.25,1.04,15.18,0.69,-0.73,-1.59
23070309,0.30,0.00,0.31,-0.05,14.41,14.32,13.36,13.51,190.09,195.20,15.25,1.04,15.18,0.69,-0.38,0.47
23110732,0.30,0.00,0.31,0.22,13.79,14.96,13.25,12.47,187.75,178.90,15.25,1.04,15.18,0.70,0.47,2.06
23140894,0.30,0.00,0.47,0.09,29.99,14.05,6.05,5.72,60.10,76.90,15.24,1.07,15.17,0.70,21.28,5.79
23181140,0.30,0.00,0.39,-0.53,22.60,14.05,8.32,10.19,101.67,144.55,15.22,1.10,15.17,0.71,14.76,5.17
23211224,0.30,0.00,0.33,-0.21,22.60,7.99,11.66,12.39,151.62,182.17,15.20,1.13,15.17,0.71,12.24,-3.42
23251583,0.30,0.00,0.16,0.51,7.03,7.99,20.03,18.23,296.74,270.94,15.21,1.13,15.17,0.71,-9.74,-7.96
23281945,0.30,0.00,0.23,0.20,10.81,10.13,16.78,16.07,243.45,236.91,15.23,1.12,15.18,0.70,-6.73,-6.42
23322424,0.00,5.00,0.37,-0.02,16.68,17.83,-33.64,2.15,-533.13,20.02,15.28,1.14,15.18,0.71,31.67,10.49
23352763,0.00,5.00,0.08,0.61,-10.60,17.83,-32.79,1.30,-525.80,6.58,15.42,1.22,15.17,0.73,47.26,15.52
23393184,0.00,5.00,-0.22,2.83,-29.48,9.16,-6.12,19.79,-58.37,293.39,15.44,1.23,15.17,0.75,-13.84,-3.96
23423487,0.00,5.00,-0.16,2.52,-23.65,9.16,-6.84,20.06,-75.35,297.92,15.43,1.27,15.19,0.74,-15.79,-9.90
23463949,0.00,5.00,-0.05,6.19,-23.65,19.14,-5.53,9.64,-54.21,132.39,15.41,1.31,15.19,0.74,-17.49,5.80
23494241,0.00,5.00,-0.06,6.11,-23.65,18.22,-4.31,9.26,-34.24,126.81,15.39,1.36,15.18,0.75,-18.80,8.32
23534664,0.00,5.00,0.05,4.00,-6.29,11.08,-15.00,4.11,-222.43,53.87,15.40,1.35,15.18,0.76,4.85,5.00
23564854,0.00,5.00,0.05,3.69,-6.29,11.08,-14.27,9.89,-211.38,141.57,15.41,1.35,15.17,0.77,7.73,3.05
23605258,0.00,5.00,0.05,3.82,-6.53,11.08,-13.15,9.00,-193.95,127.97,15.41,1.34,15.17,0.77,7.00,2.01
23635859,0.30,0.00,-0.05,4.39,-11.86,7.10,35.85,20.46,570.51,305.05,15.47,1.36,15.18,0.77,-29.63,-9.16
23676350,0.30,0.00,0.32,3.59,20.19,9.72,18.62,6.05,260.99,84.42,15.48,1.35,15.19,0.76,-2.32,-1.06
23706534,0.30,0.00,0.43,1.14,20.82,19.09,9.76,5.78,122.83,72.74,15.48,1.35,15.18,0.79,7.28,12.57
23746820,0.30,0.00,0.36,0.24,14.29,19.09,11.16,10.34,153.16,141.37,15.47,1.37,15.17,0.81,3.13,10.32
23776906,0.30,0.00,0.36,-0.88,14.29,19.09,9.20,12.30,122.70,170.65,15.47,1.37,15.15,0.82,4.37,7.72
23817255,0.30,0.00,0.14,0.03,7.46,5.60,20.08,19.96,300.38,298.15,15.47,1.37,15.17,0.82,-8.71,-11.42
23847483,0.30,0.00,0.19,0.97,7.46,9.79,19.81,16.40,296.60,241.12,15.49,1.36,15.18,0.81,-11.91,-7.52
23887956,0.30,0.00,0.29,0.58,11.22,15.50,14.80,12.78,214.20,181.53,15.50,1.35,15.19,0.81,-5.36,1.26
23918295,0.30,0.00,0.55,-0.11,36.23,15.16,2.33,2.72,-14.84,28.95,15.49,1.41,15.18,0.82,29.07,8.54
23958590,0.30,0.00,0.38,-0.41,25.64,9.81,6.68,8.04,65.98,113.87,15.48,1.46,15.18,0.83,19.91,3.20
23988599,0.30,0.00,0.38,0.72,25.64,9.81,11.06,8.55,132.38,121.55,15.45,1.50,15.17,0.83,16.32,1.64
24028825,0.30,0.00,0.38,1.00,25.64,9.81,11.56,8.05,138.90,113.93,15.43,1.54,15.17,0.83,14.50,1.63
24058992,0.30,0.00,0.12,0.18,4.02,6.91,21.30,20.69,322.48,308.33,15.44,1.56,15.18,0.83,-13.64,-9.15
24099494,0.30,0.00,0.24,0.18,12.52,9.58,16.21,15.58,231.11,228.87,15.45,1.55,15.20,0.82,-5.07,-7.25
24129716,0.30,0.00,0.41,-0.09,19.74,18.14,8.54,8.85,101.27,119.60,15.45,1.56,15.20,0.82,8.19,6.64
24169980,0.30,0.00,0.30,-0.19,13.16,14.37,13.09,13.75,181.55,196.94,15.44,1.57,15.19,0.83,1.33,2.06
24200071,0.30,0.00,0.30,0.34,13.16,14.37,13.26,13.58,184.20,194.27,15.44,1.57,15.19,0.83,0.13,0.92
24240538,0.30,0.00,0.22,0.23,9.83,10.21,17.58,16.09,256.13,235.99,15.45,1.56,15.19,0.83,-6.12,-4.93
24270724,0.30,0.00,0.26,-0.06,11.69,12.28,15.38,14.70,219.53,213.25,15.46,1.56,15.20,0.82,-4.28,-2.80
24311303,0.30,0.00,0.30,0.12,14.20,14.14,13.05,13.04,179.61,186.60,15.46,1.56,15.20,0.82,0.22,0.44
24341477,0.30,0.00,0.31,-0.15,14.16,14.40,12.68,13.21,173.92,188.94,15.46,1.56,15.20,0.82,1.22,1.16
24381792,0.00,5.00,0.29,0.08,13.58,13.82,-30.21,5.21,-489.48,67.73,15.49,1.58,15.19,0.83,27.98,5.66
24412066,0.00,5.00,0.27,1.16,13.58,11.58,-27.30,4.35,-447.87,56.33,15.59,1.63,15.19,0.84,39.81,6.51
24452450,0.00,5.00,-0.14,2.58,-24.64,11.58,-7.37,19.29,-74.84,283.27,15.61,1.63,15.19,0.84,-10.08,-2.31
24482813,0.00,5.00,-0.17,4.25,-22.56,6.99,-3.31,17.51,-13.92,260.39,15.59,1.67,15.20,0.83,-16.78,-10.45
24523400,0.00,5.00,-0.06,5.86,-22.56,16.71,-4.94,10.27,-38.36,142.26,15.58,1.71,15.20,0.83,-17.89,3.79
24553668,0.00,5.00,-0.06,5.86,-22.56,17.28,-5.19,10.00,-41.29,137.36,15.57,1.75,15.20,0.84,-17.50,6.83
24594342,0.00,5.00,0.07,4.14,-5.91,12.45,-13.59,7.61,-201.20,105.06,15.57,1.75,15.19,0.85,4.57,3.90
24624530,0.00,5.00,0.07,3.41,-5.91,12.45,-14.86,8.89,-221.25,124.37,15.58,1.74,15.18,0.86,8.07,3.90
24664831,0.30,0.00,0.01,5.04,-6.12,7.34,34.25,16.60,545.54,245.79,15.62,1.75,15.19,0.86,-22.42,-6.37
24695119,0.30,0.00,0.20,4.95,10.82,7.34,26.35,9.03,394.53,131.01,15.69,1.75,15.19,0.85,-16.01,-4.08
24735515,0.30,0.00,0.39,2.19,26.01,10.69,15.09,7.34,191.48,102.31,15.70,1.75,15.19,0.85,6.71,2.41
24765605,0.30,0.00,0.32,0.49,20.72,8.98,13.28,11.58,171.69,168.17,15.69,1.76,15.19,0.85,6.21,-1.16
24806006,0.30,0.00,0.23,-0.54,12.32,8.98,15.32,17.20,218.43,253.70,15.68,1.77,15.20,0.85,-2.41,-5.95
24836224,0.30,0.00,0.22,-0.17,12.32,8.46,16.20,16.80,232.41,248.27,15.69,1.77,15.21,0.84,-3.48,-8.18
24876602,0.30,0.00,0.28,-0.07,11.52,14.13,14.13,14.42,201.43,207.45,15.69,1.76,15.21,0.84,-3.31,-1.14
24906812,0.30,0.00,0.30,0.26,13.42,14.80,13.46,12.74,187.54,181.41,15.69,1.76,15.21,0.84,-0.38,1.33
24947176,0.30,0.00,0.29,-0.01,13.37,13.99,13.48,13.52,187.93,193.81,15.69,1.76,15.21,0.84,-0.15,0.66
24977407,0.30,0.00,0.29,0.04,13.41,13.75,13.60,13.58,189.79,194.89,15.69,1.76,15.21,0.84,-0.15,0.22
25017771,0.30,0.00,0.28,0.00,12.82,13.34,14.05,14.03,197.89,202.23,15.69,1.76,15.21,0.84,-1.05,-0.52
25048104,0.30,0.00,0.28,0.11,13.09,13.34,14.23,13.85,200.33,199.48,15.69,1.76,15.21,0.84,-1.05,-0.56
25088604,0.30,0.00,0.31,-0.02,14.08,14.36,12.96,13.04,178.72,186.21,15.69,1.76,15.21,0.84,0.67,1.02
25118618,0.30,0.00,0.31,-0.03,14.08,14.36,12.94,13.06,178.33,186.49,15.69,1.76,15.21,0.84,1.07,1.27
25159069,0.30,0.00,0.30,-0.05,13.93,13.87,13.21,13.39,182.71,191.85,15.69,1.76,15.21,0.84,0.81,0.60
25189156,0.30,0.00,0.29,0.03,13.36,13.35,13.84,13.74,193.65,197.65,15.69,1.76,15.21,0.84,-0.23,-0.24
25229768,0.30,0.00,0.27,0.57,12.42,13.16,15.31,13.31,218.36,191.34,15.69,1.76,15.21,0.84,-2.31,-0.29
25259881,0.30,0.00,0.29,0.14,13.03,14.27,13.77,13.28,193.27,189.86,15.70,1.76,15.21,0.85,-1.23,0.96
25300354,0.30,0.00,0.31,-0.07,14.61,14.40,12.63,12.85,172.50,183.24,15.69,1.76,15.20,0.85,1.50,1.39
25330502,0.30,0.00,0.29,-0.16,13.80,13.33,13.33,13.88,184.86,199.66,15.69,1.76,15.20,0.85,0.66,-0.19
25370860,0.00,5.00,0.28,0.11,13.01,12.83,-29.46,5.88,-486.45,78.42,15.73,1.78,15.20,0.85,26.76,4.06
25401079,0.00,5.00,-0.05,0.62,-17.69,12.83,-14.55,18.98,-197.72,277.55,15.78,1.80,15.20,0.85,0.22,-1.72
25441705,0.00,5.00,-0.05,4.66,-15.78,11.10,-7.56,11.83,-90.73,170.54,15.77,1.80,15.21,0.85,-5.20,-2.76
25472083,0.00,5.00,0.01,6.46,-10.96,12.13,-7.08,6.02,-91.72,81.16,15.77,1.81,15.20,0.85,-3.30,3.70
25512577,0.00,5.00,0.05,5.19,-10.96,15.47,-10.82,6.71,-150.69,88.64,15.76,1.81,15.20,0.86,-1.44,8.69
25542776,0.00,5.00,0.05,3.29,-10.96,15.47,-13.79,9.68,-197.53,133.52,15.76,1.81,15.19,0.87,1.56,6.87
25583454,0.00,5.00,0.01,4.85,-5.88,6.84,-10.84,9.96,-160.28,145.30,15.77,1.81,15.19,0.88,5.88,-2.88
25613710,0.00,5.00,-0.04,5.77,-10.46,6.84,-6.38,9.69,-81.76,141.18,15.77,1.81,15.19,0.88,-2.31,-2.92
25654148,0.30,0.00,-0.03,5.01,-10.46,7.72,35.99,18.47,588.50,273.84,15.82,1.83,15.19,0.87,-30.62,-7.53
25684430,0.30,0.00,0.19,3.71,7.20,10.41,24.44,11.45,375.44,165.05,15.91,1.84,15.20,0.87,-19.34,-3.19
25724859,0.30,0.00,0.43,0.35,22.76,17.51,8.21,7.00,88.76,91.06,15.92,1.84,15.20,0.87,8.30,8.58
25754973,0.30,0.00,0.37,-0.86,16.74,17.51,6.04,9.17,64.85,123.69,15.91,1.86,15.19,0.89,9.06,8.88
25795273,0.30,0.00,0.29,-0.42,16.74,9.82,13.13,14.59,177.36,212.92,15.90,1.88,15.19,0.89,6.00,-2.70
25825422,0.30,0.00,0.29,1.03,16.74,9.82,15.67,12.05,217.59,174.38,15.89,1.88,15.19,0.89,2.33,-2.88
25865893,0.30,0.00,0.16,-0.57,6.88,7.61,18.38,20.36,279.42,302.84,15.91,1.87,15.20,0.88,-10.33,-9.79
25896032,0.30,0.00,0.25,-0.49,11.71,11.85,14.36,16.09,206.66,234.52,15.91,1.87,15.21,0.87,-3.97,-5.41
25936401,0.30,0.00,0.32,0.35,14.18,15.47,13.06,11.84,181.44,166.67,15.92,1.87,15.21,0.87,0.46,1.90
25966653,0.30,0.00,0.32,0.04,14.07,15.68,12.48,12.33,172.27,173.82,15.91,1.87,15.21,0.88,1.29,3.29
26006973,0.30,0.00,0.30,-0.16,13.64,14.32,12.94,13.50,180.42,192.65,15.91,1.87,15.21,0.88,0.83,1.25
26037148,0.30,0.00,0.26,-0.19,12.03,11.78,14.78,15.45,212.67,224.71,15.91,1.87,15.21,0.88,-2.05,-2.90
26077588,0.30,0.00,0.27,0.13,12.38,12.85,14.69,14.25,210.66,205.52,15.92,1.87,15.21,0.87,-2.25,-1.74
26107759,0.30,0.00,0.30,0.23,12.38,15.19,13.80,13.00,196.59,184.42,15.92,1.86,15.21,0.87,-1.74,1.69
26148280,0.30,0.00,0.30,-0.08,13.48,14.37,12.69,13.01,175.15,185.20,15.92,1.86,15.21,0.88,1.26,1.30
26178506,0.30,0.00,0.27,0.20,13.48,11.74,13.64,12.91,191.95,185.97,15.92,1.87,15.21,0.88,0.12,-1.21
26218879,0.30,0.00,0.28,-0.10,12.82,13.60,13.91,13.93,197.54,199.93,15.92,1.86,15.21,0.88,-0.95,0.04
26249020,0.30,0.00,0.28,-0.53,12.46,13.60,13.43,14.74,190.63,212.24,15.92,1.86,15.21,0.88,-1.13,-0.79
26289414,0.30,0.00,0.27,-0.22,13.19,12.35,13.93,14.73,197.17,213.30,15.92,1.86,15.21,0.87,-0.58,-2.34
26319619,0.30,0.00,0.30,0.16,13.19,14.35,13.12,13.70,184.30,195.93,15.92,1.86,15.21,0.87,-0.20,0.27
26360169,0.30,0.00,0.29,0.11,13.49,13.55,14.31,12.97,202.70,185.50,15.92,1.86,15.21,0.87,-0.41,0.26
26390334,0.00,5.00,0.29,0.09,13.49,13.25,-29.90,5.49,-502.37,71.84,15.96,1.88,15.21,0.88,27.18,4.97
26431043,0.00,5.00,-0.02,1.65,-13.12,11.49,-26.19,4.22,-444.57,54.05,16.05,1.92,15.20,0.88,37.95,6.42
26461296,0.00,5.00,-0.14,3.04,-24.79,11.49,-6.47,18.61,-56.06,272.68,16.06,1.93,15.20,0.89,-11.18,-1.94
26501917,0.00,5.00,-0.17,4.44,-23.29,7.25,-2.76,17.39,1.56,258.25,16.05,1.97,15.21,0.88,-18.21,-9.88
26532220,0.00,5.00,-0.07,4.90,-23.29,16.63,-6.23,12.31,-53.03,172.78,16.03,2.01,15.22,0.88,-18.03,2.48
26572789,0.00,5.00,-0.07,4.15,-23.29,16.50,-7.49,13.69,-72.25,193.67,16.01,2.05,15.21,0.88,-16.40,3.07
26603075,0.00,5.00,-0.10,3.92,-23.29,14.08,-6.78,15.20,-59.98,218.69,16.00,2.08,15.21,0.89,-16.33,-0.53
26643752,0.00,5.00,-0.11,4.63,-23.29,13.23,-5.16,14.34,-32.93,206.41,15.98,2.12,15.21,0.88,-17.52,-1.34
26674176,0.00,0.00,0.11,4.02,-2.97,13.37,0.00,0.00,0.00,0.00,15.98,2.12,15.21,0.89,-0.99,8.07
26714600,0.00,0.00,0.11,3.03,-2.97,13.37,0.00,0.00,0.00,0.00,15.98,2.12,15.21,0.90,-2.70,12.66
26744751,0.00,0.00,0.11,-0.29,-2.97,13.37,0.00,0.00,0.00,0.00,15.98,2.12,15.21,0.92,-2.93,13.28
26785127,0.00,0.00,0.11,0.08,-2.97,13.37,0.00,0.00,0.00,0.00,15.98,2.13,15.20,0.94,-2.96,13.36
26815297,0.00,0.00,0.11,0.28,-2.97,13.37,0.00,0.00,0.00,0.00,15.98,2.13,15.20,0.96,-2.97,13.37
26855682,0.00,0.00,0.11,-0.34,-2.97,13.37,0.00,0.00,0.00,0.00,15.98,2.13,15.19,0.98,-2.97,13.37
26885829,0.00,0.00,0.11,0.09,-2.97,13.37,0.00,0.00,0.00,0.00,15.98,2.13,15.19,0.99,-2.97,13.37
26926207,0.00,0.00,0.11,-0.15,-2.97,13.37,0.00,0.00,0.00,0.00,15.98,2.13,15.18,1.01,-2.97,13.37
26956390,0.00,0.00,0.11,-0.06,-2.97,13.37,0.00,0.00,0.00,0.00,15.97,2.13,15.18,1.03,-2.97,13.37
26996680,-0.30,0.00,0.11,0.07,-2.97,13.37,-30.60,-30.85,-483.23,-483.89,16.00,2.13,15.22,1.06,16.38,32.88
27026891,-0.30,0.00,0.11,1.00,-2.97,13.37,-28.98,-32.48,-459.13,-513.27,16.06,2.12,15.34,1.11,25.08,43.72
27053414,-0.30,0.00,-0.31,1.80,-1.37,-27.22,-21.31,-28.08,-339.81,-400.70,16.08,2.12,15.35,1.11,22.42,1.70
27083887,-0.30,0.00,-0.58,2.38,-23.65,-30.44,2.87,-5.47,96.69,-49.32,16.08,2.14,15.34,1.13,-17.29,-16.54
27110501,-0.30,0.00,-0.56,2.64,-23.65,-28.16,2.28,-6.96,87.90,-74.05,16.08,2.16,15.33,1.16,-22.75,-18.65
27140793,-0.30,0.00,-0.36,-0.56,-23.65,-10.11,-3.49,-1.19,-3.66,-6.12,16.07,2.22,15.32,1.19,-21.85,-6.46
27167370,-0.30,0.00,-0.36,-1.21,-23.65,-10.11,-12.69,-8.46,-150.83,-117.59,16.06,2.24,15.32,1.19,-14.97,-3.42
27197674,-0.30,0.00,-0.16,-0.18,-4.73,-10.11,-19.53,-18.89,-302.90,-277.35,16.06,2.25,15.32,1.19,11.74,4.70
27224224,-0.30,0.00,-0.16,0.78,-4.73,-10.11,-18.26,-20.16,-282.75,-296.94,16.07,2.24,15.33,1.19,12.87,8.08
27254460,-0.30,0.00,-0.19,0.23,-11.33,-5.98,-17.51,-18.66,-256.11,-279.29,16.08,2.24,15.35,1.18,6.37,12.96
27281024,-0.30,0.00,-0.37,-0.11,-18.04,-16.10,-10.59,-10.21,-129.77,-137.72,16.07,2.24,15.35,1.18,-4.83,-2.68
27311374,-0.30,0.00,-0.38,0.96,-17.74,-17.83,-8.07,-11.44,-89.60,-154.17,16.06,2.25,15.34,1.19,-8.39,-6.40
27337928,-0.30,0.00,-0.38,0.61,-17.74,-17.83,-8.68,-10.82,-99.30,-144.59,16.06,2.26,15.33,1.20,-8.81,-6.78
27368439,-0.30,0.00,-0.23,-0.36,-11.08,-10.23,-16.89,-15.62,-246.24,-227.29,16.06,2.26,15.34,1.20,2.82,3.65
27395123,-0.30,0.00,-0.23,-0.56,-11.08,-10.23,-17.23,-15.28,-251.77,-222.16,16.06,2.26,15.34,1.19,4.93,4.54
27425369,-0.30,0.00,-0.20,0.46,-8.55,-9.66,-16.85,-18.48,-251.69,-272.19,16.07,2.25,15.35,1.19,8.27,7.57
27465925,-0.30,0.00,-0.30,0.98,-14.90,-13.10,-11.48,-14.92,-151.06,-213.54,16.07,2.25,15.35,1.18,-1.45,2.96
27496388,-0.30,0.00,-0.33,0.62,-15.86,-14.73,-10.93,-13.11,-139.92,-183.82,16.07,2.26,15.35,1.18,-4.46,-0.80
27522998,-0.30,0.00,-0.29,-0.43,-13.77,-13.47,-13.68,-13.42,-188.72,-190.17,16.07,2.26,15.35,1.18,-0.92,0.14
27553470,-0.30,0.00,-0.29,-0.35,-13.77,-12.79,-14.86,-12.87,-207.78,-182.40,16.07,2.26,15.35,1.18,0.55,0.31
27594087,-0.30,0.00,-0.28,0.43,-13.86,-12.38,-14.54,-15.98,-202.44,-230.69,16.07,2.25,15.36,1.18,0.73,2.49
27624420,-0.30,0.00,-0.28,0.67,-13.86,-12.38,-12.84,-15.18,-175.10,-218.58,16.07,2.25,15.36,1.18,-0.39,2.95
27650933,-0.30,0.00,-0.30,0.33,-14.78,-12.84,-12.52,-14.24,-167.79,-203.60,16.07,2.25,15.36,1.18,-1.92,1.80
27681346,-0.30,0.00,-0.29,-0.27,-13.79,-13.10,-13.31,-14.11,-182.71,-201.31,16.07,2.26,15.36,1.17,-0.73,1.11
27707960,0.00,-5.00,-0.29,-0.43,-13.79,-13.10,29.38,-4.83,504.44,-58.80,16.10,2.28,15.36,1.18,-27.56,-4.82
27738273,0.00,-5.00,-0.28,-0.54,-12.27,-13.87,28.83,-4.98,495.58,-59.90,16.20,2.32,15.35,1.19,-39.19,-8.48
27778785,0.00,-5.00,0.11,-3.29,24.30,-13.87,7.33,-16.85,62.46,-241.97,16.21,2.32,15.35,1.20,9.32,-1.34
27809071,0.00,-5.00,0.21,-2.32,25.38,-5.72,4.82,-22.76,18.06,-342.79,16.20,2.36,15.36,1.19,18.60,14.28
27849627,0.00,-5.00,-0.07,-5.48,8.79,-15.11,11.14,-5.38,159.36,-64.77,16.19,2.39,15.38,1.19,-0.29,-3.71
27880127,0.00,-5.00,-0.10,-6.13,8.79,-18.34,11.47,-2.76,164.76,-20.23,16.19,2.39,15.37,1.21,-2.28,-13.81
27920728,0.00,-5.00,-0.12,-4.26,7.62,-18.34,14.47,-4.68,216.26,-49.35,16.19,2.38,15.36,1.23,-5.70,-14.13
27951012,0.00,-5.00,-0.12,-3.50,7.62,-18.34,16.62,-6.83,251.25,-81.83,16.20,2.38,15.35,1.26,-8.06,-12.37
27991520,-0.30,0.00,0.05,-4.07,10.70,-6.07,-35.22,-20.97,-597.85,-314.44,16.25,2.39,15.36,1.25,26.98,9.58
28021816,-0.30,0.00,-0.17,-4.45,-9.85,-6.07,-26.50,-10.93,-409.28,-160.40,16.33,2.40,15.37,1.25,17.30,7.83
28062425,-0.30,0.00,-0.35,-0.40,-25.70,-6.95,-11.78,-10.39,-130.86,-151.05,16.35,2.40,15.38,1.24,-8.41,4.03
28092771,-0.30,0.00,-0.39,0.06,-23.27,-12.80,-9.42,-9.62,-97.35,-131.95,16.33,2.43,15.37,1.25,-12.24,-2.81
28119346,-0.30,0.00,-0.39,0.76,-23.27,-12.80,-8.74,-10.31,-85.74,-142.43,16.32,2.44,15.37,1.25,-13.69,-2.61
28149734,-0.30,0.00,-0.16,-0.17,-8.30,-6.62,-14.87,-17.84,-222.27,-265.97,16.32,2.46,15.38,1.25,4.44,8.42
28176236,-0.30,0.00,-0.16,-0.33,-8.30,-6.62,-19.75,-18.59,-302.06,-277.75,16.32,2.45,15.38,1.24,8.87,10.66
28206555,-0.30,0.00,-0.22,0.08,-9.59,-11.16,-16.37,-16.66,-243.93,-242.64,16.34,2.45,15.40,1.24,7.68,6.03
28247104,-0.30,0.00,-0.33,0.62,-15.52,-15.19,-10.88,-13.06,-139.81,-182.31,16.34,2.44,15.40,1.23,-2.50,-0.74
28277512,-0.30,0.00,-0.31,0.73,-15.04,-13.61,-11.72,-14.09,-154.64,-200.20,16.33,2.45,15.40,1.23,-3.33,0.29
28304033,-0.30,0.00,-0.31,-0.31,-15.04,-13.61,-13.45,-12.36,-182.88,-173.51,16.33,2.45,15.40,1.23,-2.23,-0.69
28334354,-0.30,0.00,-0.26,-0.33,-11.50,-12.73,-15.50,-14.35,-225.09,-205.22,16.33,2.45,15.40,1.23,3.16,0.96
28360906,-0.30,0.00,-0.27,0.25,-12.32,-12.51,-14.21,-15.10,-202.01,-217.05,16.34,2.45,15.40,1.23,2.06,2.07
28391228,-0.30,0.00,-0.27,0.72,-12.32,-12.51,-13.39,-15.91,-188.69,-229.74,16.34,2.44,15.40,1.23,1.40,3.04
28432041,-0.30,0.00,-0.30,0.16,-13.87,-13.98,-13.77,-14.36,-190.97,-204.02,16.34,2.45,15.41,1.23,-0.20,0.90
28462390,-0.30,0.00,-0.30,-0.72,-13.87,-13.98,-14.54,-12.00,-203.57,-167.79,16.34,2.45,15.41,1.23,0.37,-1.04
28488847,-0.30,0.00,-0.28,-0.31,-12.33,-13.91,-14.56,-13.46,-207.75,-190.27,16.34,2.44,15.40,1.23,2.12,-0.64
28519277,-0.30,0.00,-0.29,0.49,-13.91,-12.62,-13.02,-14.73,-178.73,-211.46,16.34,2.44,15.41,1.23,-0.34,1.62
28545775,-0.30,0.00,-0.29,0.64,-13.91,-12.62,-12.75,-15.00,-174.37,-215.59,16.34,2.44,15.41,1.23,-0.86,2.10
28576095,-0.30,0.00,-0.28,0.06,-14.03,-12.15,-13.99,-14.08,-194.28,-202.11,16.34,2.45,15.41,1.22,-0.45,2.23
28602654,-0.30,0.00,-0.29,-0.27,-13.11,-13.45,-14.34,-13.39,-202.15,-189.85,16.34,2.44,15.41,1.22,0.95,0.30
28632955,-0.30,0.00,-0.28,0.02,-13.05,-13.34,-13.85,-13.93,-194.38,-198.32,16.34,2.44,15.41,1.22,0.94,0.44
28659558,-0.30,0.00,-0.28,0.26,-13.05,-13.34,-13.49,-14.39,-188.57,-205.45,16.34,2.44,15.41,1.22,0.63,0.83
28689780,0.00,-5.00,-0.29,0.24,-13.71,-13.07,30.48,-6.05,532.97,-77.23,16.38,2.46,15.41,1.22,-27.99,-3.98
28716372,0.00,-5.00,-0.29,-0.32,-13.71,-13.07,30.50,-6.06,535.17,-77.41,16.43,2.49,15.41,1.23,-38.24,-5.89
28746732,0.00,-5.00,0.14,-2.35,24.45,-11.13,9.07,-21.23,88.39,-313.41,16.45,2.49,15.41,1.23,8.30,4.67
28787087,0.00,-5.00,0.19,-3.47,26.22,-8.55,3.72,-19.85,-5.23,-295.71,16.43,2.53,15.43,1.22,19.58,11.07
28817401,0.00,-5.00,0.08,-4.23,26.22,-18.64,6.99,-13.91,46.93,-192.04,16.41,2.58,15.43,1.21,20.04,-2.57
28857768,0.00,-5.00,0.08,-4.65,26.22,-19.02,6.43,-13.00,36.29,-177.23,16.40,2.63,15.42,1.22,19.70,-5.40
28888087,0.00,-5.00,0.12,-3.63,26.22,-15.45,6.58,-16.41,37.34,-234.18,16.38,2.69,15.42,1.22,19.69,-0.21
28928612,0.00,-5.00,0.15,-3.47,26.22,-12.38,5.47,-18.10,17.65,-264.17,16.36,2.74,15.43,1.22,20.35,4.95
28958813,0.00,-5.00,0.13,-3.40,26.22,-14.23,6.43,-17.38,31.93,-250.91,16.34,2.79,15.43,1.22,20.09,3.31
28999187,-0.30,0.00,-0.14,-4.43,2.36,-15.75,-27.63,-12.11,-458.42,-167.79,16.35,2.82,15.43,1.21,17.50,-1.68
29029553,-0.30,0.00,-0.13,-3.74,2.36,-14.52,-26.97,-13.89,-449.42,-196.72,16.41,2.82,15.43,1.22,27.89,-1.02
29056091,-0.30,0.00,-0.42,-0.91,-24.26,-14.52,-16.56,-13.11,-203.23,-184.64,16.41,2.83,15.43,1.22,-4.40,-1.26
29086512,-0.30,0.00,-0.35,0.09,-20.86,-11.55,-11.04,-11.35,-121.72,-161.13,16.40,2.84,15.43,1.22,-7.34,0.47
29113162,-0.30,0.00,-0.35,1.21,-20.86,-11.55,-9.28,-13.11,-92.70,-188.20,16.39,2.85,15.43,1.22,-10.02,1.16
29143591,-0.30,0.00,-0.27,-0.01,-14.47,-10.56,-13.26,-15.85,-176.01,-231.90,16.39,2.86,15.44,1.21,-2.46,4.23
29170154,-0.30,0.00,-0.28,-0.80,-14.47,-11.47,-15.55,-12.74,-213.51,-182.70,16.39,2.86,15.44,1.21,-0.22,2.02
29200486,-0.30,0.00,-0.26,-0.96,-9.47,-14.53,-16.71,-13.34,-247.04,-188.33,16.39,2.85,15.44,1.21,6.64,-1.31
29227049,-0.30,0.00,-0.29,0.48,-12.69,-14.53,-12.73,-14.40,-172.50,-204.60,16.40,2.85,15.44,1.21,1.28,-0.57
29257429,-0.30,0.00,-0.29,1.18,-14.75,-12.27,-11.58,-15.72,-147.78,-227.82,16.39,2.85,15.44,1.21,-2.58,2.90
29284020,-0.30,0.00,-0.29,0.31,-14.75,-12.30,-13.25,-14.02,-175.10,-201.61,16.39,2.85,15.44,1.21,-1.90,2.14
29314280,-0.30,0.00,-0.28,-0.29,-13.34,-12.30,-14.79,-13.76,-204.48,-197.72,16.39,2.85,15.44,1.21,0.83,1.62
29340790,-0.30,0.00,-0.28,-0.51,-11.89,-13.77,-15.16,-13.39,-214.67,-190.09,16.39,2.85,15.44,1.21,2.91,-0.19
29371263,-0.30,0.00,-0.30,-0.34,-13.54,-14.12,-14.73,-13.50,-202.91,-191.46,16.40,2.85,15.44,1.21,1.30,-0.63
29397848,-0.30,0.00,-0.30,0.86,-13.54,-14.12,-11.85,-14.87,-155.70,-212.63,16.40,2.85,15.44,1.21,-0.59,0.24
29428180,-0.30,0.00,-0.29,0.32,-14.68,-11.94,-13.28,-14.39,-175.78,-207.87,16.39,2.85,15.44,1.20,-1.78,2.56
29454723,-0.30,0.00,-0.28,-0.39,-13.10,-13.19,-14.66,-13.30,-202.98,-189.60,16.39,2.85,15.44,1.20,0.91,0.55
29485032,-0.30,0.00,-0.29,-0.34,-13.10,-13.85,-14.28,-13.08,-196.76,-185.40,16.39,2.85,15.44,1.20,1.23,-0.63
29511658,-0.30,0.00,-0.28,0.13,-12.29,-13.85,-14.14,-13.97,-196.80,-199.06,16.40,2.85,15.44,1.20,1.92,-0.16
29542006,-0.30,0.00,-0.29,0.63,-13.81,-13.24,-12.21,-15.06,-160.88,-216.64,16.40,2.85,15.45,1.20,-0.89,1.38
29568538,-0.30,0.00,-0.29,-0.14,-14.00,-12.79,-14.01,-13.50,-189.87,-193.23,16.40,2.85,15.45,1.20,-0.38,1.12
29598997,-0.30,0.00,-0.30,-0.52,-14.00,-13.57,-14.32,-12.48,-194.94,-176.49,16.40,2.85,15.45,1.20,0.16,-0.66
29625514,-0.30,0.00,-0.28,-0.17,-12.65,-13.57,-14.31,-13.71,-198.72,-195.53,16.40,2.85,15.45,1.20,1.60,-0.15
29655891,-0.30,0.00,-0.27,0.63,-13.23,-12.25,-13.24,-15.46,-179.48,-224.18,16.40,2.84,15.45,1.20,0.40,2.53
29682374,-0.30,0.00,-0.29,0.35,-14.43,-12.89,-13.46,-14.66,-179.69,-211.00,16.40,2.84,15.45,1.20,-0.90,1.81
29712616,0.00,-5.00,-0.29,-0.40,-14.43,-12.89,29.62,-4.69,528.15,-57.05,16.43,2.86,15.45,1.20,-28.19,-4.53
29739316,0.00,-5.00,-0.31,-1.30,-14.43,-14.63,29.68,-3.16,531.01,-31.23,16.48,2.89,15.45,1.21,-38.25,-9.56
29769611,0.00,-5.00,0.12,-3.13,25.61,-14.63,8.50,-18.52,66.21,-268.13,16.50,2.90,15.44,1.21,10.10,-1.51
29810112,0.00,-5.00,0.19,-2.61,25.46,-7.40,4.80,-21.28,4.32,-319.90,16.49,2.94,15.45,1.21,18.35,12.14
29840320,0.00,-5.00,0.12,-5.49,25.46,-14.25,3.56,-13.79,-17.40,-196.03,16.47,2.99,15.46,1.20,21.13,2.06
29880867,0.00,-5.00,0.07,-4.89,25.46,-19.33,6.50,-12.09,29.57,-163.42,16.45,3.04,15.45,1.21,19.94,-6.27
29911098,0.00,-5.00,0.09,-3.44,25.46,-16.92,7.94,-15.74,52.00,-222.43,16.43,3.09,15.45,1.22,18.18,-2.39
29951553,0.00,-5.00,0.14,-4.20,25.46,-12.36,4.52,-16.48,-5.47,-239.57,16.42,3.13,15.45,1.21,19.77,3.68
29981783,0.00,-5.00,-0.12,-3.94,3.04,-13.95,15.93,-5.98,252.04,-75.37,16.42,3.13,15.45,1.22,-8.85,-4.17
30022246,-0.30,0.00,-0.00,-4.27,15.39,-15.52,-33.40,-18.44,-598.63,-265.90,16.47,3.15,15.44,1.22,31.19,-1.14
30052569,-0.30,0.00,-0.28,-3.60,-10.26,-15.52,-20.53,-7.91,-307.00,-103.20,16.54,3.18,15.44,1.22,12.63,-4.28
30079350,-0.30,0.00,-0.34,-1.55,-23.07,-8.70,-16.27,-6.70,-195.65,-92.81,16.54,3.18,15.44,1.22,-4.36,-0.33
30109698,-0.30,0.00,-0.33,0.46,-21.98,-8.70,-11.17,-12.79,-114.40,-186.83,16.53,3.20,15.44,1.22,-8.60,2.07
30136262,-0.30,0.00,-0.26,1.26,-15.46,-8.70,-12.76,-17.16,-161.40,-254.40,16.53,3.20,15.45,1.22,-2.47,6.11
30166654,-0.30,0.00,-0.26,0.29,-15.46,-8.70,-14.45,-15.47,-189.19,-228.54,16.52,3.20,15.46,1.22,-1.60,7.07
30207346,-0.30,0.00,-0.21,-0.08,-10.13,-9.84,-18.32,-15.41,-270.48,-226.45,16.53,3.20,15.46,1.21,6.69,5.63
30237614,-0.30,0.00,-0.27,-0.09,-11.85,-13.33,-15.42,-13.57,-217.18,-193.72,16.54,3.19,15.47,1.21,4.44,0.92
30264169,-0.30,0.00,-0.32,0.40,-15.46,-14.54,-11.59,-12.99,-142.33,-183.36,16.54,3.19,15.47,1.21,-2.14,-1.08
30294553,-0.30,0.00,-0.29,0.46,-14.02,-12.81,-12.93,-14.55,-168.88,-209.47,16.53,3.19,15.46,1.21,-1.36,1.23
30321071,-0.30,0.00,-0.29,0.04,-14.02,-12.81,-13.67,-13.80,-181.25,-197.91,16.53,3.20,15.47,1.21,-0.72,1.08
30351400,-0.30,0.00,-0.26,-0.27,-11.60,-12.74,-15.34,-14.40,-216.62,-207.42,16.53,3.19,15.47,1.21,3.08,1.45
30377936,-0.30,0.00,-0.29,0.00,-13.39,-13.66,-13.48,-13.79,-180.13,-196.79,16.53,3.19,15.47,1.21,0.53,0.27
30408265,-0.30,0.00,-0.30,-0.01,-13.39,-14.13,-13.44,-13.40,-179.50,-190.16,16.53,3.19,15.47,1.21,0.12,-0.57
30449079,-0.30,0.00,-0.29,-0.12,-14.17,-12.66,-13.94,-13.53,-185.29,-193.97,16.53,3.19,15.47,1.21,-0.40,0.84
30479386,-0.30,0.00,-0.27,-0.02,-12.50,-12.66,-14.53,-14.47,-200.31,-208.59,16.54,3.19,15.47,1.20,1.79,1.46
30506049,-0.30,0.00,-0.28,0.06,-12.89,-12.95,-14.07,-14.31,-191.49,-205.78,16.54,3.19,15.47,1.20,1.26,1.29
30536400,-0.30,0.00,-0.28,0.33,-13.55,-12.86,-14.00,-13.85,-188.38,-198.82,16.54,3.19,15.47,1.20,0.48,1.15
30562934,-0.30,0.00,-0.29,0.10,-13.55,-13.64,-13.74,-14.11,-184.04,-201.96,16.54,3.19,15.47,1.20,0.30,0.44
30593179,-0.30,0.00,-0.30,0.08,-13.94,-13.64,-13.25,-13.54,-174.71,-193.11,16.54,3.19,15.47,1.20,-0.49,0.11
30619720,-0.30,0.00,-0.29,-0.08,-13.72,-13.58,-13.67,-13.38,-182.28,-190.71,16.54,3.19,15.47,1.20,-0.13,-0.06
30650188,-0.30,0.00,-0.28,-0.26,-12.48,-13.13,-14.17,-13.29,-194.51,-189.89,16.54,3.19,15.47,1.20,1.50,0.22
30676709,-0.30,0.00,-0.28,0.02,-12.48,-13.13,-14.26,-14.34,-196.04,-206.07,16.54,3.19,15.47,1.20,1.68,0.85
30707152,-0.30,0.00,-0.30,0.24,-14.07,-13.66,-12.91,-13.75,-168.59,-196.38,16.54,3.19,15.47,1.20,-0.68,0.26
30733673,0.00,-5.00,-0.28,0.35,-12.95,-13.20,30.40,-6.54,545.43,-85.22,16.57,3.20,15.47,1.20,-27.24,-3.95
30763935,0.00,-5.00,-0.28,-1.13,-12.95,-13.20,29.42,-5.55,532.73,-69.80,16.68,3.25,15.46,1.21,-40.55,-6.93
30804752,0.00,-5.00,0.17,-3.52,26.91,-10.99,4.24,-18.77,-16.82,-276.89,16.70,3.26,15.46,1.21,13.65,3.01
30835104,0.00,-5.00,0.20,-3.24,29.38,-10.99,4.44,-21.23,-23.58,-315.32,16.68,3.32,15.48,1.20,23.79,8.69
30875623,0.00,-5.00,0.12,-5.13,29.38,-18.26,3.80,-13.95,-36.55,-194.07,16.66,3.40,15.49,1.20,25.19,-1.85
30906008,0.00,-5.00,-0.29,-4.30,-6.22,-20.91,22.71,2.04,400.05,57.19,16.67,3.44,15.48,1.22,-22.02,-16.74
30946568,0.00,-5.00,-0.11,-2.51,10.82,-20.91,18.06,-8.85,264.44,-110.63,16.70,3.44,15.47,1.26,-8.02,-15.23
30976872,0.00,-5.00,-0.02,-3.99,18.64,-20.91,11.90,-9.82,134.68,-125.01,16.71,3.44,15.46,1.28,4.36,-11.88
31017430,0.00,0.00,0.11,-5.01,14.64,-4.85,0.00,0.00,0.00,0.00,16.70,3.45,15.45,1.30,9.94,-1.34
31047552,0.00,0.00,0.11,-3.54,14.64,-4.85,0.00,0.00,0.00,0.00,16.69,3.47,15.45,1.30,14.00,-4.37
31087993,0.00,0.00,0.11,0.05,14.64,-4.85,0.00,0.00,0.00,0.00,16.69,3.49,15.45,1.30,14.55,-4.79
31118119,0.00,0.00,0.11,0.01,14.64,-4.85,0.00,0.00,0.00,0.00,16.68,3.51,15.45,1.30,14.63,-4.84
31158550,0.00,0.00,0.11,-0.13,14.64,-4.85,0.00,0.00,0.00,0.00,16.68,3.53,15.44,1.30,14.64,-4.85
31188673,0.00,0.00,0.11,-0.11,14.64,-4.85,0.00,0.00,0.00,0.00,16.68,3.55,15.44,1.31,14.64,-4.85
31229015,0.00,0.00,0.11,-0.08,14.64,-4.85,0.00,0.00,0.00,0.00,16.67,3.57,15.44,1.31,14.64,-4.85
31259211,0.00,0.00,0.11,0.15,14.64,-4.85,0.00,0.00,0.00,0.00,16.67,3.59,15.44,1.31,14.64,-4.85
31299580,0.00,0.00,0.11,-0.07,14.64,-4.85,0.00,0.00,0.00,0.00,16.66,3.61,15.44,1.31,14.64,-4.85
31329697,0.00,0.00,0.11,-0.12,14.64,-4.85,0.00,0.00,0.00,0.00,16.66,3.63,15.44,1.32,14.64,-4.85
31370045,0.00,0.00,0.11,-0.11,14.64,-4.85,0.00,0.00,0.00,0.00,16.65,3.66,15.44,1.32,14.64,-4.85
31400168,0.00,0.00,0.11,-0.11,14.64,-4.85,0.00,0.00,0.00,0.00,16.65,3.68,15.43,1.32,14.64,-4.85
31440596,0.00,0.00,0.11,-0.11,14.64,-4.85,0.00,0.00,0.00,0.00,16.64,3.70,15.43,1.32,14.64,-4.85
31470717,0.00,0.00,0.11,-0.11,14.64,-4.85,0.00,0.00,0.00,0.00,16.64,3.72,15.43,1.32,14.64,-4.85
31511045,0.00,0.00,0.00,-0.01,0.00,0.00,0.00,0.00,0.00,0.00,16.63,3.73,15.43,1.33,-0.00,0.00
31541131,0.00,0.00,0.00,-0.01,0.00,0.00,0.00,0.00,0.00,0.00,16.63,3.73,15.43,1.33,-0.00,0.00
31571203,0.00,0.00,0.00,-0.01,0.00,0.00,0.00,0.00,0.00,0.00,16.63,3.73,15.43,1.33,-0.00,0.00
31597679,0.00,0.00,0.00,-0.00,0.00,0.00,0.00,0.00,0.00,0.00,16.63,3.73,15.43,1.33,-0.00,0.00
31627677,0.00,0.00,0.00,-0.01,0.00,0.00,0.00,0.00,0.00,0.00,16.63,3.73,15.43,1.33,-0.00,0.00
31657740,0.00,0.00,0.00,-0.01,0.00,0.00,0.00,0.00,0.00,0.00,16.63,3.73,15.43,1.33,-0.00,0.00
31684237,0.00,0.00,0.00,-0.01,0.00,0.00,0.00,0.00,0.00,0.00,16.63,3.73,15.43,1.33,-0.00,0.00
31714238,0.00,0.00,0.00,-0.01,0.00,0.00,0.00,0.00,0.00,0.00,16.63,3.73,15.43,1.33,-0.00,0.00
31744342,0.00,0.00,0.00,-0.01,0.00,0.00,0.00,0.00,0.00,0.00,16.63,3.73,15.43,1.33,-0.00,0.00
31770788,0.00,0.00,0.00,-0.01,0.00,0.00,0.00,0.00,0.00,0.00,16.63,3.73,15.43,1.33,-0.00,0.00
31800865,0.00,0.00,0.00,-0.01,0.00,0.00,0.00,0.00,0.00,0.00,16.63,3.73,15.43,1.33,-0.00,0.00
31830917,0.00,0.00,0.00,-0.01,0.00,0.00,0.00,0.00,0.00,0.00,16.63,3.73,15.43,1.33,-0.00,0.00
31857365,0.00,0.00,0.00,-0.01,0.00,0.00,0.00,0.00,0.00,0.00,16.63,3.73,15.43,1.33,-0.00,0.00
31887456,0.00,0.00,0.00,-0.00,0.00,0.00,0.00,0.00,0.00,0.00,16.63,3.73,15.43,1.33,-0.00,0.00
31917505,0.00,0.00,0.00,-0.01,0.00,0.00,0.00,0.00,0.00,0.00,16.63,3.73,15.43,1.33,-0.00,0.00
31943909,0.00,0.00,0.00,-0.01,0.00,0.00,0.00,0.00,0.00,0.00,16.63,3.73,15.43,1.33,-0.00,0.00
31973993,0.00,0.00,0.00,-0.01,0.00,0.00,0.00,0.00,0.00,0.00,16.63,3.73,15.43,1.33,-0.00,0.00
32004045,0.00,0.00,0.00,-0.01,0.00,0.00,0.00,0.00,0.00,0.00,16.63,3.73,15.43,1.33,-0.00,0.00
32030480,0.00,0.00,0.00,-0.01,0.00,0.00,0.00,0.00,0.00,0.00,16.63,3.73,15.43,1.33,-0.00,0.00
