t,v_ref,w_ref,v,w,u_L,u_R,omega_L,omega_R,w_L,w_R,theta1_L,theta2_L,theta1_R,theta2_R,e_L,e_R
15801643,0.15,0.00,0.00,-0.01,6.98,6.98,0.00,0.00,0.00,0.00,15.03,0.00,15.03,0.00,0.00,0.00
15812045,0.15,0.00,0.00,-0.01,6.98,6.98,0.00,0.00,104.87,104.87,15.03,0.00,15.03,0.00,-4.41,-4.41
15822286,0.15,0.00,0.00,-0.01,6.98,6.98,0.00,0.00,104.88,104.88,15.04,0.00,15.04,0.00,-6.03,-6.03
15832514,0.15,0.00,0.00,-0.06,6.98,6.98,0.00,0.00,104.89,104.89,15.04,0.00,15.04,0.00,-6.63,-6.63
15842731,0.15,0.00,0.00,-0.11,6.98,6.98,0.00,0.00,104.90,104.90,15.04,0.00,15.04,0.00,-6.85,-6.85
15852930,0.15,0.00,0.00,-0.17,6.98,6.98,0.00,0.00,104.91,104.91,15.04,0.00,15.04,0.00,-6.93,-6.93
15863130,0.15,0.00,0.00,-0.11,6.98,6.98,0.00,0.00,104.92,104.92,15.04,0.00,15.04,0.00,-6.96,-6.96
15873345,0.15,0.00,0.00,0.24,6.98,6.98,0.00,0.00,104.93,104.93,15.04,0.00,15.04,0.00,-6.97,-6.97
15883575,0.15,0.00,0.00,-0.28,6.98,6.98,0.00,0.00,104.93,104.93,15.04,0.00,15.04,0.00,-6.97,-6.97
15893775,0.15,0.00,0.00,-0.72,6.98,6.98,0.00,0.00,104.94,104.94,15.05,0.00,15.05,0.00,-6.97,-6.97
15903975,0.15,0.00,0.00,-0.77,6.98,6.98,0.00,0.00,104.95,104.95,15.05,0.00,15.05,0.00,-6.97,-6.97
15935029,0.15,0.00,0.00,-0.16,6.98,6.98,0.03,0.03,104.98,104.98,15.05,0.00,15.05,0.00,-6.94,-6.98
15945254,0.15,0.00,0.00,-0.18,6.98,6.98,0.03,0.03,104.99,104.99,15.05,0.00,15.05,0.00,-6.94,-6.94
15955470,0.15,0.00,0.00,-0.27,6.98,6.98,0.03,0.03,105.00,105.00,15.05,0.00,15.05,0.00,-6.94,-6.94
15965685,0.15,0.00,0.00,-0.15,6.98,6.98,0.03,0.03,105.01,105.01,15.05,0.00,15.05,0.00,-6.94,-6.94
15996342,0.15,0.00,0.00,-0.25,6.98,6.98,0.00,0.00,105.04,105.04,15.06,0.00,15.06,0.00,-6.98,-6.98
16006860,0.16,0.00,0.00,-0.11,7.42,7.42,0.00,0.00,111.72,111.72,15.06,0.00,15.06,0.00,-7.26,-7.26
16017061,0.16,0.00,0.00,-0.27,7.42,7.42,0.00,0.00,111.73,111.73,15.06,0.00,15.06,0.00,-7.36,-7.36
16027325,0.16,0.00,0.06,-0.14,7.42,7.42,5.41,0.00,111.75,111.75,15.06,0.00,15.06,0.00,-7.40,-7.40
16078605,0.17,0.00,0.06,-0.25,7.86,7.86,0.00,5.15,111.77,111.77,15.07,0.00,15.07,0.00,-7.42,-2.26
16088976,0.17,0.00,0.00,-0.02,7.86,7.86,0.00,0.00,118.37,118.36,15.07,0.00,15.07,0.00,-7.69,-2.54
16099204,0.17,0.00,0.00,-0.06,7.86,7.86,0.00,0.00,118.39,118.38,15.07,0.00,15.07,0.00,-7.80,-7.80
16109583,0.17,0.00,0.07,-0.26,7.86,7.86,6.44,0.00,118.40,118.39,15.07,0.00,15.07,0.00,-7.83,-7.83
16140522,0.17,0.00,0.13,-0.15,7.86,7.86,6.44,6.08,118.41,118.42,15.07,0.00,15.07,0.00,-1.42,-1.78
16150740,0.17,0.00,0.13,-0.23,7.86,7.86,6.44,6.08,118.41,118.42,15.07,0.00,15.08,0.00,-1.42,-1.78
16160938,0.17,0.00,0.07,-0.16,7.86,7.86,0.00,6.08,118.43,118.42,15.08,0.00,15.08,0.00,-7.86,-1.78
16171137,0.17,0.00,0.07,-0.24,7.86,7.86,0.00,6.08,118.44,118.43,15.08,0.00,15.08,0.00,-7.86,-1.78
16222331,0.18,0.00,0.15,-0.11,8.29,8.29,7.19,6.68,118.46,118.48,15.08,0.00,15.08,0.00,-0.66,-1.18
16232687,0.18,0.00,0.07,0.12,8.29,8.29,0.00,6.68,124.99,124.99,15.08,0.00,15.08,0.00,-8.13,-1.45
16242892,0.18,0.00,0.07,0.11,8.29,8.29,0.00,6.68,125.01,124.99,15.08,0.00,15.08,0.00,-8.23,-1.55
16253141,0.18,0.00,0.08,-0.21,8.29,8.29,7.26,0.00,125.02,124.99,15.09,0.00,15.08,0.00,-8.27,-1.59
16294059,0.19,0.00,0.16,-0.02,8.72,8.72,7.26,7.28,131.50,131.50,15.09,0.00,15.09,0.00,-1.29,-1.28
16304425,0.19,0.00,0.08,-0.20,8.72,8.72,0.00,7.28,131.51,131.51,15.09,0.00,15.09,0.00,-1.39,-1.38
16314670,0.19,0.00,0.08,-0.17,8.72,8.72,0.00,7.28,131.53,131.51,15.09,0.00,15.09,0.00,-8.69,-1.42
16324908,0.19,0.00,0.09,-0.19,8.72,8.72,7.98,0.00,131.53,131.51,15.09,0.00,15.09,0.00,-0.73,-1.43
16365942,0.19,0.00,0.17,-0.31,8.72,8.72,7.98,7.37,131.54,131.56,15.09,0.00,15.10,0.00,-0.74,-1.34
16376326,0.20,0.00,0.08,-0.21,9.14,9.14,0.00,7.37,137.90,137.91,15.09,0.00,15.10,0.00,-8.98,-1.61
16386591,0.20,0.00,0.17,-0.11,9.14,9.14,8.60,7.37,137.90,137.92,15.10,0.00,15.10,0.00,-0.48,-1.71
16396779,0.20,0.00,0.09,-0.15,9.14,9.14,8.60,0.00,137.91,137.92,15.10,0.00,15.10,0.00,-0.52,-1.74
16438078,0.20,0.00,0.18,-0.21,9.14,9.14,8.89,8.05,137.94,137.96,15.10,0.00,15.10,0.00,-9.14,-1.08
16448289,0.20,0.00,0.18,-0.22,9.14,9.14,8.89,8.05,137.94,137.96,15.10,0.00,15.10,0.00,-0.24,-1.08
16458518,0.20,0.00,0.18,-0.15,9.14,9.14,8.89,8.05,137.94,137.96,15.10,0.00,15.10,0.00,-0.24,-1.08
16468752,0.20,0.00,0.10,-0.16,9.14,9.14,8.89,0.00,137.94,137.99,15.10,0.00,15.10,0.00,-0.24,-9.14
16509895,0.20,0.00,0.18,-0.31,9.14,9.14,8.73,8.33,137.97,138.00,15.10,0.00,15.11,0.00,-0.41,-0.81
16520262,0.21,0.00,0.18,-0.38,9.55,9.55,8.73,8.33,144.18,144.22,15.10,0.00,15.11,0.00,-0.67,-1.07
16530494,0.21,0.00,0.09,-0.25,9.55,9.55,8.73,0.00,144.19,144.25,15.10,0.00,15.11,0.00,-0.76,-9.49
16540945,0.21,0.00,0.19,-0.14,9.55,9.55,8.73,8.62,144.19,144.25,15.10,0.00,15.11,0.00,-0.80,-0.90
16581949,0.21,0.00,0.19,-0.19,9.95,9.95,9.35,8.62,144.22,144.26,15.11,0.00,15.11,0.00,-0.19,-0.92
16592392,0.21,0.00,0.20,-0.26,9.95,9.95,9.35,8.89,150.31,150.39,15.11,0.00,15.11,0.00,-0.45,-9.80
16602635,0.21,0.00,0.10,-0.12,9.95,9.95,0.00,8.89,150.31,150.39,15.11,0.00,15.11,0.00,-0.54,-1.01
16612939,0.21,0.00,0.20,0.01,9.95,9.95,9.47,8.89,150.32,150.39,15.11,0.00,15.11,0.00,-0.46,-1.04
16653987,0.21,0.00,0.20,-0.20,9.95,9.95,9.47,9.59,150.32,150.41,15.11,0.00,15.12,0.00,-0.48,-0.36
16664221,0.21,0.00,0.21,-0.12,9.95,9.95,9.72,9.59,150.36,150.41,15.11,0.00,15.12,0.00,-9.95,-0.36
16674445,0.21,0.00,0.21,-0.16,9.95,9.95,9.72,9.59,150.36,150.41,15.11,0.00,15.12,0.00,-0.23,-0.36
16684650,0.21,0.00,0.21,-0.21,9.95,9.95,9.72,9.59,150.36,150.41,15.11,0.00,15.12,0.00,-0.23,-0.36
16725600,0.22,0.00,0.21,-0.20,10.34,10.34,9.92,9.37,150.36,150.45,15.11,0.00,15.12,0.00,-0.03,-0.58
16735968,0.22,0.00,0.21,-0.21,10.34,10.34,9.92,9.37,156.24,156.33,15.11,0.00,15.12,0.00,-0.27,-0.82
16746196,0.22,0.00,0.21,-0.12,10.34,10.34,9.92,9.37,156.24,156.34,15.11,0.00,15.12,0.00,-0.36,-0.91
16756496,0.22,0.00,0.21,-0.06,10.34,10.34,9.92,10.06,156.24,156.37,15.11,0.00,15.12,0.00,-0.40,-10.32
16797583,0.22,0.00,0.22,-0.13,10.34,10.34,10.38,10.06,156.24,156.38,15.11,0.00,15.12,0.00,0.04,-0.28
16807907,0.23,0.00,0.22,-0.18,10.72,10.72,10.38,10.29,161.95,162.09,15.11,-0.00,15.12,0.00,-0.20,-0.52
16818314,0.23,0.00,0.22,-0.14,10.72,10.72,10.38,10.29,161.95,162.09,15.11,-0.00,15.12,0.00,-0.29,-0.37
16828553,0.23,0.00,0.22,-0.22,10.72,10.72,10.38,10.29,161.95,162.09,15.11,-0.00,15.13,0.00,-0.32,-0.41
16869490,0.24,0.00,0.23,-0.07,11.08,11.08,10.94,10.15,161.95,162.14,15.11,0.00,15.13,0.00,0.22,-0.57
16879861,0.24,0.00,0.23,-0.08,11.08,11.08,10.94,10.15,167.44,167.65,15.11,0.00,15.13,0.00,-0.01,-0.80
16890075,0.24,0.00,0.23,-0.19,11.08,11.08,10.94,10.15,167.45,167.65,15.11,0.00,15.13,0.00,-0.10,-0.88
16900286,0.24,0.00,0.23,-0.20,11.08,11.08,10.94,10.15,167.45,167.65,15.11,-0.00,15.13,0.00,-0.13,-0.91
16951774,0.24,0.00,0.23,-0.08,11.08,11.08,10.92,10.39,167.45,167.67,15.11,-0.00,15.13,0.00,-0.16,-0.69
16962254,0.24,0.00,0.24,-0.16,11.08,11.08,11.17,11.05,167.45,167.67,15.11,0.00,15.13,0.00,0.09,-0.03
16972481,0.24,0.00,0.24,-0.04,11.08,11.08,11.17,11.05,167.45,167.67,15.11,0.00,15.13,0.00,0.09,-0.03
16982820,0.24,0.00,0.39,-0.18,11.08,11.08,25.08,11.05,167.45,167.67,15.11,0.00,15.13,0.00,0.09,-0.03
17013600,0.25,0.00,0.34,-0.24,11.43,11.43,20.79,10.68,166.21,167.67,15.09,0.05,15.13,0.00,9.71,-0.40
17023960,0.25,0.00,0.34,-0.40,11.43,11.43,20.79,10.68,171.15,172.92,15.08,0.06,15.13,0.00,9.49,-0.62
17034171,0.25,0.00,0.34,-0.11,11.43,11.43,20.79,10.68,170.87,172.92,15.07,0.06,15.13,0.00,9.41,-0.70
17044389,0.25,0.00,0.34,-0.03,11.43,11.43,20.79,10.68,170.59,172.92,15.07,0.07,15.13,0.00,9.38,-0.73
17095862,0.25,0.00,0.24,0.02,11.75,11.75,11.65,11.13,171.28,172.93,15.06,0.07,15.13,0.00,0.04,-0.29
17106310,0.25,0.00,0.25,-0.07,11.75,11.75,11.65,11.28,176.19,177.87,15.06,0.07,15.13,0.00,0.01,-0.35
17116545,0.25,0.00,0.25,-0.04,11.75,11.75,11.65,11.28,176.19,177.88,15.06,0.07,15.13,0.00,-0.06,-0.42
17126768,0.25,0.00,0.25,-0.07,11.75,11.75,11.65,11.28,176.19,177.88,15.06,0.07,15.13,0.00,-0.09,-0.45
17157803,0.25,0.00,0.25,-0.05,11.75,11.75,11.89,11.70,176.17,177.88,15.06,0.07,15.13,0.00,0.14,-0.05
17168142,0.26,0.00,0.25,-0.15,12.07,12.07,11.89,11.70,180.87,182.61,15.06,0.07,15.13,0.00,-0.06,-0.25
17178389,0.26,0.00,0.25,-0.09,12.07,12.07,11.89,11.70,180.88,182.61,15.06,0.07,15.13,0.00,-0.13,-0.32
17188790,0.26,0.00,0.26,0.03,12.07,12.07,12.06,11.92,180.86,182.61,15.06,0.07,15.14,0.00,0.01,-0.35
17241909,0.26,0.00,0.26,0.07,12.07,12.07,12.05,12.25,180.86,182.61,15.06,0.07,15.14,0.00,-0.01,0.19
17252102,0.26,0.00,0.26,0.08,12.07,12.07,12.05,12.25,180.86,182.61,15.06,0.07,15.14,0.00,-0.01,0.19
17262319,0.26,0.00,0.26,-0.15,12.07,12.07,12.05,12.25,180.87,182.61,15.06,0.07,15.13,0.00,-0.01,0.19
17272727,0.26,0.00,0.26,-0.10,12.07,12.07,12.28,12.10,180.87,182.60,15.06,0.07,15.13,0.00,-0.01,0.19
17313674,0.26,0.00,0.38,-0.27,12.07,12.07,23.22,12.10,177.12,182.60,15.03,0.15,15.13,0.00,16.61,0.04
17324148,0.27,0.00,0.38,-0.34,12.36,12.36,23.22,12.37,181.87,186.98,15.02,0.16,15.13,0.00,10.98,0.12
17334383,0.27,0.00,0.38,-0.20,12.36,12.36,23.22,12.37,181.47,186.98,15.01,0.17,15.13,0.00,10.91,0.05
17344587,0.27,0.00,0.38,-0.16,12.36,12.36,23.22,12.37,181.07,186.98,15.00,0.18,15.13,0.00,10.88,0.03
17385683,0.27,0.00,0.27,-0.09,12.62,12.62,12.35,12.34,182.82,186.98,14.99,0.20,15.13,0.00,-0.00,-0.02
17396220,0.27,0.00,0.27,-0.11,12.62,12.62,12.49,12.34,186.82,191.02,14.99,0.20,15.13,0.00,-0.17,-0.19
17406494,0.27,0.00,0.27,-0.02,12.62,12.62,12.49,12.37,186.79,191.02,14.99,0.20,15.13,0.00,-0.09,-0.22
17416686,0.27,0.00,0.27,-0.13,12.62,12.62,12.49,12.37,186.79,191.03,14.99,0.20,15.13,0.00,-0.11,-0.24
17457566,0.27,0.00,0.28,-0.17,12.62,12.62,13.10,12.70,186.66,191.03,14.99,0.20,15.13,0.00,0.48,0.08
17467765,0.27,0.00,0.28,-0.24,12.62,12.62,13.10,12.70,186.65,191.03,14.99,0.20,15.13,0.00,0.48,0.08
17478182,0.27,0.00,0.28,-0.12,12.62,12.62,12.98,12.70,186.64,191.03,14.99,0.20,15.13,0.00,0.48,0.08
17488587,0.27,0.00,0.27,0.06,12.62,12.62,12.98,12.49,186.66,191.03,14.99,0.20,15.13,0.00,0.36,-0.13
17529540,0.28,0.00,0.28,-0.15,12.87,12.87,13.17,12.51,186.59,191.03,14.99,0.20,15.14,-0.00,0.55,-0.13
17539919,0.28,0.00,0.28,-0.24,12.87,12.87,13.17,12.51,190.29,194.77,14.99,0.20,15.14,-0.00,0.39,-0.27
17550137,0.28,0.00,0.28,-0.10,12.87,12.87,13.17,12.51,190.28,194.78,14.99,0.20,15.14,-0.00,0.33,-0.33
17560435,0.28,0.00,0.28,-0.16,12.87,12.87,13.08,12.51,190.30,194.78,14.99,0.20,15.14,-0.00,0.23,-0.35
17601650,0.28,0.00,0.28,0.01,12.87,12.87,13.33,12.81,190.23,194.78,14.99,0.20,15.14,-0.00,0.46,-0.06
17612041,0.28,0.00,0.28,0.06,13.09,13.09,13.33,12.83,193.54,198.14,14.99,0.20,15.14,-0.00,0.32,-0.20
17622401,0.28,0.00,0.28,-0.03,13.09,13.09,13.33,12.83,193.53,198.14,14.99,0.20,15.14,-0.00,0.27,-0.23
17632727,0.28,0.00,0.28,0.03,13.09,13.09,13.33,12.83,193.53,198.14,14.99,0.20,15.14,-0.00,0.25,-0.25
17673921,0.29,0.00,0.29,-0.04,13.29,13.29,13.55,13.48,193.65,198.12,14.99,0.20,15.14,0.00,-0.27,0.39
17684409,0.29,0.00,0.29,-0.09,13.29,13.29,13.55,13.46,196.47,201.12,14.99,0.20,15.14,0.00,0.34,0.27
17694650,0.29,0.00,0.29,-0.19,13.29,13.29,13.55,13.46,196.47,201.12,14.99,0.20,15.14,0.00,0.29,0.20
17704849,0.29,0.00,0.29,-0.16,13.29,13.29,13.55,13.46,196.46,201.11,14.99,0.20,15.13,0.00,0.27,0.18
17756240,0.29,0.00,0.29,-0.05,13.29,13.29,13.63,13.51,196.48,201.09,14.99,0.20,15.13,0.00,0.10,0.22
17766549,0.29,0.00,0.29,-0.07,13.29,13.29,13.63,13.51,196.42,201.09,14.99,0.20,15.13,0.00,0.34,0.22
17776767,0.29,0.00,0.29,-0.10,13.29,13.29,13.63,13.51,196.42,201.08,14.99,0.20,15.13,0.00,0.34,0.22
17787020,0.29,0.00,0.29,-0.16,13.29,13.29,13.63,13.51,196.41,201.08,14.99,0.20,15.13,0.00,0.34,0.22
17828359,0.29,0.00,0.30,0.02,13.47,13.47,13.88,13.90,196.32,201.04,14.99,0.20,15.13,0.00,0.55,0.61
17838977,0.29,0.00,0.30,0.06,13.47,13.47,13.88,13.74,198.94,203.69,14.98,0.20,15.13,0.00,0.48,0.50
17849210,0.29,0.00,0.30,-0.09,13.47,13.47,13.88,13.74,198.94,203.68,14.98,0.20,15.13,0.00,0.43,0.30
17859429,0.29,0.00,0.30,-0.06,13.47,13.47,13.88,13.74,198.93,203.68,14.98,0.20,15.13,0.00,0.42,0.29
17900505,0.29,0.00,0.29,0.21,13.61,13.61,13.41,13.45,199.02,203.67,14.98,0.20,15.13,0.00,-0.06,-0.02
17911024,0.29,0.00,0.29,0.25,13.61,13.61,13.97,13.45,201.10,205.90,14.98,0.20,15.13,0.00,0.42,-0.11
17921470,0.29,0.00,0.30,0.28,13.61,13.61,13.97,13.52,201.10,205.90,14.98,0.21,15.13,0.00,0.38,-0.07
17931672,0.29,0.00,0.30,0.21,13.61,13.61,13.97,13.52,201.09,205.91,14.98,0.21,15.13,0.00,0.37,-0.09
17972838,0.29,0.00,0.30,-0.19,13.61,13.61,14.11,13.78,201.02,205.90,14.98,0.21,15.13,0.00,0.50,0.17
17983128,0.30,0.00,0.29,-0.11,13.73,13.73,13.65,13.78,202.84,207.75,14.98,0.21,15.13,0.00,0.42,0.09
17993714,0.30,0.00,0.29,-0.34,13.73,13.73,13.65,13.07,202.94,207.74,14.98,0.21,15.13,0.00,-0.07,0.06
18003931,0.30,0.00,0.29,-0.79,13.73,13.73,13.65,13.07,202.94,207.76,14.98,0.21,15.13,0.00,-0.08,-0.65
18044896,0.30,0.00,0.30,-0.59,13.73,13.73,13.71,14.12,202.93,207.78,14.98,0.21,15.13,0.00,-0.03,0.39
18055241,0.30,0.00,0.30,-0.51,13.73,13.73,13.78,14.12,202.93,207.77,14.98,0.21,15.13,0.00,-0.03,0.39
18065502,0.30,0.00,0.30,-0.64,13.73,13.73,13.78,14.12,202.91,207.76,14.98,0.21,15.13,0.00,0.05,0.39
18075783,0.30,0.00,0.29,-0.63,13.73,13.73,13.78,12.79,202.91,207.75,14.98,0.21,15.13,0.00,0.05,0.39
18118610,0.30,0.00,0.28,-0.18,13.83,13.83,13.18,12.96,203.05,207.82,14.98,0.21,15.13,0.00,-0.55,-0.94
18128900,0.30,0.00,0.28,-0.04,13.83,13.83,13.18,12.96,204.47,209.25,14.98,0.21,15.13,0.00,-0.61,-0.84
18139152,0.30,0.00,0.29,0.10,13.83,13.83,13.96,12.96,204.48,209.26,14.98,0.21,15.13,0.00,-0.63,-0.86
18149435,0.30,0.00,0.30,0.04,13.83,13.83,13.96,14.32,204.31,209.28,14.98,0.21,15.13,0.00,0.13,-0.87
18190826,0.30,0.00,0.30,-0.13,13.90,13.90,13.98,14.39,204.30,209.23,14.98,0.21,15.13,0.00,0.15,0.49
18201107,0.30,0.00,0.30,-0.13,13.90,13.90,13.98,14.39,205.32,210.25,14.98,0.21,15.13,0.00,0.11,0.52
18211518,0.30,0.00,0.30,0.01,13.90,13.90,13.85,14.39,205.31,210.24,14.98,0.21,15.13,0.00,0.09,0.50
18221816,0.30,0.00,0.30,0.09,13.90,13.90,13.85,14.39,205.34,210.23,14.98,0.21,15.13,0.00,-0.04,0.49
18264937,0.30,0.00,0.30,-0.01,13.90,13.90,13.58,13.97,205.41,210.21,14.98,0.21,15.13,0.00,-0.32,0.07
18275139,0.30,0.00,0.30,-0.08,13.90,13.90,13.58,13.97,205.42,210.21,14.98,0.21,15.13,0.00,-0.32,0.07
18285553,0.30,0.00,0.31,-0.13,13.90,13.90,14.70,13.97,205.17,210.21,14.98,0.21,15.13,0.00,0.81,0.07
18295795,0.30,0.00,0.31,-0.01,13.90,13.90,14.70,13.97,205.15,210.21,14.98,0.21,15.13,0.00,0.81,0.07
18336806,0.30,0.00,0.30,-0.08,13.90,13.90,13.96,14.17,205.27,210.19,14.98,0.21,15.13,0.00,0.06,0.27
18347062,0.30,0.00,0.30,-0.09,13.94,13.94,13.96,14.17,205.90,210.83,14.98,0.21,15.13,0.00,0.03,0.25
18357563,0.30,0.00,0.30,0.28,13.94,13.94,13.96,14.17,205.90,210.82,14.98,0.21,15.13,0.00,0.02,0.24
18367834,0.30,0.00,0.30,0.58,13.94,13.94,13.71,14.17,205.96,210.82,14.98,0.21,15.13,0.00,-0.23,0.23
18409247,0.30,0.00,0.31,-0.87,13.95,13.95,14.22,14.29,206.06,211.00,14.98,0.21,15.13,0.01,0.27,0.34
18419629,0.30,0.00,0.31,-0.73,13.95,13.95,14.22,14.29,206.05,210.99,14.98,0.21,15.13,0.01,0.26,0.34
18429914,0.30,0.00,0.31,-0.58,13.95,13.95,14.22,14.29,206.05,210.98,14.98,0.21,15.13,0.01,0.26,0.34
18440188,0.30,0.00,0.31,-0.49,13.95,13.95,14.39,14.29,206.00,210.97,14.98,0.21,15.13,0.01,0.44,0.34
18481512,0.30,0.00,0.30,-0.06,13.95,13.95,14.16,13.86,206.02,210.98,14.98,0.21,15.13,0.01,0.20,-0.09
18491878,0.30,0.00,0.30,0.04,13.94,13.94,14.16,14.17,205.81,210.76,14.98,0.21,15.13,0.01,0.21,0.23
18502239,0.30,0.00,0.30,-0.25,13.94,13.94,14.16,14.17,205.80,210.76,14.98,0.21,15.13,0.01,0.22,0.23
18512664,0.30,0.00,0.31,-0.00,13.94,13.94,14.24,14.17,205.78,210.75,14.98,0.21,15.13,0.01,0.30,0.23
18553843,0.30,0.00,0.28,0.06,13.94,13.94,13.23,12.84,205.98,210.83,14.98,0.21,15.13,0.00,-0.70,-1.10
18564180,0.30,0.00,0.28,-0.19,13.94,13.94,13.23,13.25,205.99,210.84,14.98,0.21,15.13,0.00,-0.70,-0.69
18574393,0.30,0.00,0.28,0.07,13.94,13.94,13.23,13.25,206.00,210.85,14.98,0.21,15.13,0.00,-0.70,-0.69
18584709,0.30,0.00,0.29,0.47,13.94,13.94,14.11,13.25,205.82,210.86,14.98,0.21,15.13,0.00,0.17,-0.69
18636121,0.30,0.00,0.30,0.06,13.90,13.90,13.87,13.96,205.22,210.18,14.98,0.21,15.13,0.00,-0.04,0.04
18646492,0.30,0.00,0.30,0.04,13.90,13.90,13.87,13.96,205.22,210.17,14.98,0.21,15.13,0.00,-0.03,0.05
18656902,0.30,0.00,0.30,0.06,13.90,13.90,14.08,13.96,205.17,210.17,14.98,0.21,15.13,0.00,0.18,0.06
18667100,0.30,0.00,0.30,0.24,13.90,13.90,14.08,13.96,205.17,210.17,14.98,0.21,15.13,0.00,0.18,0.06
18697992,0.30,0.00,0.29,0.09,13.90,13.90,13.05,13.79,205.39,210.18,14.98,0.21,15.13,0.00,-0.85,-0.10
18708377,0.30,0.00,0.29,0.18,13.83,13.83,13.05,13.79,204.38,209.15,14.98,0.21,15.13,0.00,-0.81,-0.06
18718656,0.30,0.00,0.30,-0.07,13.83,13.83,13.05,14.68,204.40,209.13,14.98,0.21,15.13,0.00,-0.79,0.85
18728865,0.30,0.00,0.30,-0.01,13.83,13.83,13.05,14.68,204.41,209.11,14.98,0.21,15.13,0.00,-0.78,0.85
18770095,0.30,0.00,0.31,0.37,13.83,13.83,14.35,14.16,204.09,209.07,14.98,0.21,15.13,0.01,0.52,0.33
18780354,0.30,0.00,0.31,-0.04,13.73,13.73,14.22,14.16,202.67,207.60,14.98,0.21,15.12,0.01,0.45,0.39
18790803,0.30,0.00,0.30,-0.37,13.73,13.73,14.22,13.98,202.65,207.60,14.98,0.21,15.12,0.01,0.48,0.23
18801004,0.30,0.00,0.30,-0.38,13.73,13.73,14.22,13.98,202.64,207.59,14.97,0.21,15.12,0.01,0.49,0.24
18852469,0.30,0.00,0.29,-0.23,13.73,13.73,13.45,13.49,202.84,207.60,14.98,0.21,15.12,0.01,-0.28,-0.24
18862782,0.30,0.00,0.30,-0.37,13.73,13.73,13.45,14.07,202.84,207.59,14.98,0.21,15.12,0.01,-0.28,0.33
18872978,0.30,0.00,0.30,-0.45,13.73,13.73,13.45,14.07,202.84,207.58,14.98,0.21,15.12,0.01,-0.28,0.33
18883179,0.30,0.00,0.30,-0.43,13.73,13.73,13.45,14.07,202.85,207.57,14.98,0.21,15.12,0.01,-0.28,0.33
18914088,0.30,0.00,0.31,-0.60,13.73,13.73,14.76,13.83,202.51,207.56,14.97,0.21,15.12,0.01,1.03,0.10
18924457,0.29,0.00,0.30,-0.63,13.61,13.61,14.07,13.83,200.82,205.71,14.97,0.21,15.12,0.01,0.42,0.18
18934978,0.29,0.00,0.31,-0.25,13.61,13.61,14.07,14.33,200.81,205.69,14.97,0.21,15.12,0.01,0.45,0.70
18945255,0.29,0.00,0.31,0.03,13.61,13.61,14.07,14.33,200.80,205.68,14.97,0.21,15.12,0.01,0.46,0.71
18996540,0.29,0.00,0.28,-0.26,13.46,13.46,13.62,12.76,198.63,203.43,14.97,0.21,15.12,0.01,0.11,-0.76
19006961,0.29,0.00,0.28,-0.28,13.46,13.46,13.01,12.76,198.77,203.44,14.97,0.21,15.12,0.01,-0.47,-0.72
19017431,0.29,0.00,0.30,-0.44,13.46,13.46,13.01,14.58,198.77,203.40,14.97,0.21,15.12,0.01,-0.46,1.11
19027650,0.29,0.00,0.30,-0.46,13.46,13.46,13.01,14.58,198.78,203.37,14.97,0.21,15.12,0.01,-0.45,1.11
19068960,0.29,0.00,0.28,-0.39,13.29,13.29,13.11,13.26,196.19,200.73,14.97,0.21,15.12,0.01,-0.24,-0.09
19079481,0.29,0.00,0.29,-0.11,13.29,13.29,13.30,13.26,196.19,200.73,14.97,0.21,15.12,0.01,-0.20,-0.05
19089907,0.29,0.00,0.29,-0.18,13.29,13.29,13.30,13.55,196.15,200.73,14.97,0.21,15.12,0.01,0.01,-0.04
19100144,0.29,0.00,0.29,-0.09,13.29,13.29,13.30,13.55,196.15,200.72,14.97,0.21,15.12,0.01,0.02,0.26
19141278,0.29,0.00,0.50,0.16,13.29,13.29,13.88,32.42,195.99,197.55,14.97,0.21,15.08,0.09,0.60,19.13
19151506,0.29,0.00,0.50,0.16,13.29,13.29,13.88,32.42,195.98,196.34,14.97,0.21,15.06,0.12,0.60,19.13
19161806,0.29,0.00,0.49,-0.03,13.29,13.29,13.16,32.42,196.13,195.13,14.97,0.21,15.05,0.15,-0.13,19.13
19172311,0.29,0.00,0.28,0.07,13.29,13.29,13.16,12.93,196.14,198.02,14.97,0.21,15.05,0.15,-0.13,-0.36
19223608,0.29,0.00,0.47,0.37,13.29,13.29,12.81,31.08,196.23,192.95,14.97,0.21,15.01,0.21,-0.47,17.80
19233973,0.28,0.00,0.47,0.22,13.09,13.09,12.81,31.08,193.26,188.91,14.97,0.21,15.00,0.24,-0.35,17.92
19244351,0.28,0.00,0.47,0.12,13.09,13.09,12.84,31.08,193.26,187.85,14.97,0.21,14.98,0.27,-0.28,17.97
19254832,0.28,0.00,0.29,-0.01,13.09,13.09,12.84,13.83,193.27,192.42,14.97,0.21,14.98,0.27,-0.26,0.74
19285610,0.28,0.00,0.30,-0.08,12.86,12.86,13.80,13.83,189.70,189.01,14.97,0.21,14.98,0.27,0.85,0.89
19296065,0.28,0.00,0.29,-0.12,12.86,12.86,13.80,12.84,189.68,189.28,14.97,0.21,14.98,0.27,0.90,-0.06
19306283,0.28,0.00,0.29,-0.16,12.86,12.86,13.80,12.84,189.66,189.28,14.97,0.21,14.98,0.27,0.92,-0.04
19316652,0.28,0.00,0.29,-0.31,12.86,12.86,13.80,12.84,189.64,189.28,14.97,0.21,14.98,0.27,0.93,-0.03
19367894,0.28,0.00,0.29,-0.55,12.86,12.86,13.89,13.01,189.57,189.22,14.97,0.21,14.98,0.27,1.03,0.15
19378328,0.28,0.00,0.29,-0.55,12.86,12.86,13.89,12.93,189.55,189.24,14.97,0.21,14.98,0.27,1.03,0.07
19388557,0.28,0.00,0.29,-0.72,12.86,12.86,13.89,12.93,189.53,189.24,14.97,0.22,14.98,0.27,1.03,0.07
19398933,0.28,0.00,0.28,-0.53,12.86,12.86,12.93,12.93,189.74,189.24,14.97,0.22,14.98,0.27,0.07,0.07
19429927,0.28,0.00,0.27,-0.03,12.86,12.86,12.93,12.09,189.73,189.49,14.97,0.22,14.98,0.27,0.07,-0.78
19440353,0.27,0.00,0.27,0.01,12.62,12.62,13.14,12.09,185.98,185.79,14.97,0.22,14.98,0.27,0.43,-0.62
19450576,0.27,0.00,0.27,0.01,12.62,12.62,13.14,12.09,185.98,185.80,14.97,0.22,14.98,0.27,0.49,-0.56
19460852,0.27,0.00,0.28,0.22,12.62,12.62,13.14,12.47,185.97,185.70,14.97,0.22,14.98,0.27,0.51,-0.16
19512051,0.27,0.00,0.26,-0.16,12.35,12.35,12.01,12.58,182.24,181.68,14.97,0.22,14.98,0.27,-0.43,0.13
19522613,0.27,0.00,0.27,-0.19,12.35,12.35,12.58,12.58,182.11,181.67,14.97,0.22,14.98,0.27,0.20,0.19
19532848,0.27,0.00,0.27,-0.11,12.35,12.35,12.58,12.58,182.11,181.67,14.97,0.22,14.98,0.27,0.22,0.22
19543311,0.27,0.00,0.27,0.00,12.35,12.35,12.58,12.57,182.10,181.67,14.97,0.22,14.98,0.27,0.23,0.22
19574149,0.27,0.00,0.27,-0.06,12.35,12.35,12.73,12.57,182.05,181.66,14.96,0.22,14.98,0.27,0.38,0.22
19584617,0.26,0.00,0.27,-0.09,12.06,12.06,12.73,12.40,177.67,177.32,14.96,0.22,14.98,0.27,0.57,0.24
19594834,0.26,0.00,0.27,-0.07,12.06,12.06,12.73,12.40,177.66,177.31,14.96,0.22,14.98,0.27,0.63,0.31
19605164,0.26,0.00,0.27,-0.05,12.06,12.06,12.47,12.40,177.71,177.31,14.96,0.22,14.98,0.27,0.40,0.33
19656394,0.26,0.00,0.26,-0.03,12.06,12.06,12.33,12.21,177.71,177.34,14.96,0.22,14.98,0.27,0.27,0.15
19666776,0.26,0.00,0.26,-0.17,12.06,12.06,12.33,12.21,177.70,177.34,14.96,0.22,14.98,0.27,0.27,0.15
19677010,0.26,0.00,0.26,-0.21,12.06,12.06,12.33,11.88,177.70,177.43,14.96,0.22,14.98,0.27,0.27,-0.18
19687211,0.26,0.00,0.26,0.07,12.06,12.06,12.33,11.88,177.69,177.43,14.96,0.22,14.98,0.27,0.27,-0.18
19728319,0.26,0.00,0.27,0.05,12.06,12.06,12.42,12.59,177.65,177.23,14.96,0.22,14.98,0.27,0.36,0.54
19738752,0.25,0.00,0.26,0.00,11.75,11.75,11.90,12.59,173.13,172.58,14.96,0.22,14.98,0.27,0.04,0.73
19748969,0.25,0.00,0.26,0.05,11.75,11.75,11.90,12.59,173.13,172.57,14.96,0.22,14.98,0.27,0.11,0.80
19759295,0.25,0.00,0.26,-0.13,11.75,11.75,11.90,11.96,173.13,172.73,14.96,0.22,14.98,0.27,0.14,0.20
19800536,0.25,0.00,0.26,-0.25,11.42,11.42,12.24,11.88,168.10,167.81,14.96,0.22,14.98,0.27,0.70,0.34
19810892,0.25,0.00,0.26,-0.24,11.42,11.42,12.24,11.88,168.09,167.80,14.96,0.22,14.98,0.27,0.77,0.42
19821312,0.25,0.00,0.26,-0.23,11.42,11.42,12.36,11.88,168.04,167.80,14.96,0.22,14.98,0.27,0.92,0.45
19831536,0.25,0.00,0.26,-0.11,11.42,11.42,12.36,11.88,168.03,167.79,14.96,0.22,14.98,0.27,0.93,0.46
19872668,0.25,0.00,0.25,-0.19,11.42,11.42,11.52,11.29,168.17,167.95,14.96,0.22,14.98,0.27,0.10,-0.13
19883096,0.24,0.00,0.25,-0.05,11.07,11.07,11.52,11.29,162.99,162.76,14.95,0.22,14.98,0.27,0.32,0.09
19893367,0.24,0.00,0.24,-0.12,11.07,11.07,11.52,10.93,162.98,162.86,14.95,0.23,14.98,0.27,0.40,-0.18
19903600,0.24,0.00,0.24,-0.40,11.07,11.07,11.52,10.93,162.98,162.86,14.95,0.23,14.98,0.27,0.43,-0.15
19944604,0.24,0.00,0.25,-0.33,11.07,11.07,11.93,11.10,162.83,162.82,14.95,0.23,14.98,0.27,0.86,0.03
19954978,0.24,0.00,0.25,-0.15,11.07,11.07,11.80,11.10,162.85,162.82,14.95,0.23,14.98,0.27,0.72,0.03
19965178,0.24,0.00,0.25,-0.21,11.07,11.07,11.80,11.10,162.84,162.81,14.95,0.23,14.98,0.27,0.72,0.03
19975381,0.24,0.00,0.25,-0.15,11.07,11.07,11.80,11.10,162.83,162.81,14.95,0.23,14.98,0.27,0.72,0.03
20016735,0.24,0.00,0.24,0.04,11.07,11.07,11.18,10.86,162.95,162.89,14.95,0.23,14.98,0.27,0.11,-0.21
20027023,0.23,0.00,0.24,0.03,10.71,10.71,11.18,10.86,157.55,157.49,14.95,0.23,14.98,0.27,0.34,0.02
20037624,0.23,0.00,0.24,-0.11,10.71,10.71,11.18,11.05,157.55,157.43,14.95,0.23,14.98,0.27,0.42,0.29
20047873,0.23,0.00,0.24,-0.03,10.71,10.71,10.86,11.05,157.62,157.43,14.95,0.23,14.98,0.27,0.13,0.32
20089003,0.22,0.00,0.23,-0.18,10.33,10.33,10.86,10.51,151.96,151.90,14.95,0.23,14.98,0.27,0.39,0.04
20099596,0.22,0.00,0.23,-0.12,10.33,10.33,10.66,10.51,152.01,151.90,14.95,0.23,14.98,0.27,0.28,0.13
20109828,0.22,0.00,0.23,-0.00,10.33,10.33,10.66,10.51,152.00,151.90,14.95,0.23,14.98,0.27,0.31,0.16
20120025,0.22,0.00,0.23,-0.17,10.33,10.33,10.66,10.51,152.00,151.90,14.95,0.23,14.98,0.27,0.32,0.17
20161022,0.22,0.00,0.23,-0.32,10.33,10.33,10.76,10.32,151.96,151.95,14.95,0.23,14.98,0.27,0.43,-0.02
20171219,0.22,0.00,0.23,-0.30,10.33,10.33,10.76,10.32,151.95,151.95,14.95,0.23,14.98,0.27,0.43,-0.02
20181439,0.22,0.00,0.23,-0.14,10.33,10.33,10.76,10.32,151.95,151.95,14.95,0.23,14.98,0.27,0.43,-0.02
20191892,0.22,0.00,0.22,-0.11,10.33,10.33,10.76,9.92,151.94,152.06,14.95,0.23,14.98,0.27,0.43,-0.41
20243042,0.21,0.00,0.22,0.05,9.94,9.94,10.62,9.87,146.10,146.22,14.94,0.23,14.98,0.27,0.53,-0.22
20253615,0.21,0.00,0.21,-0.20,9.94,9.94,10.05,9.87,146.23,146.23,14.94,0.23,14.98,0.27,0.06,-0.13
20263838,0.21,0.00,0.21,-0.24,9.94,9.94,10.05,9.87,146.23,146.23,14.94,0.23,14.98,0.27,0.09,-0.10
20274019,0.21,0.00,0.21,-0.21,9.94,9.94,10.05,9.87,146.23,146.23,14.94,0.23,14.98,0.27,0.11,-0.08
20304998,0.21,0.00,0.21,0.06,9.94,9.94,9.51,9.64,146.35,146.32,14.94,0.23,14.98,0.27,-0.43,-0.30
20315198,0.21,0.00,0.21,0.02,9.54,9.54,9.51,9.64,140.33,140.29,14.94,0.23,14.98,0.27,-0.17,-0.04
20325585,0.21,0.00,0.21,0.00,9.54,9.54,9.51,9.64,140.33,140.29,14.94,0.23,14.98,0.27,-0.08,0.05
20335806,0.21,0.00,0.21,-0.06,9.54,9.54,9.51,9.64,140.33,140.28,14.94,0.23,14.98,0.27,-0.05,0.09
20388834,0.20,0.00,0.21,-0.16,9.13,9.13,9.63,9.53,140.30,140.31,14.94,0.23,14.98,0.27,0.09,-0.01
20399283,0.20,0.00,0.21,-0.14,9.13,9.13,9.63,9.53,134.15,134.14,14.94,0.23,14.98,0.27,0.35,0.25
20409583,0.20,0.00,0.20,-0.17,9.13,9.13,9.76,9.10,136.42,136.75,14.95,0.23,14.98,0.27,-9.18,-9.18
20419830,0.20,0.00,0.20,-0.20,9.13,9.13,9.76,9.10,134.13,134.29,14.95,0.23,14.98,0.27,0.61,-0.04
20450458,0.20,0.00,0.20,-0.01,9.13,9.13,9.76,9.10,134.12,134.29,14.95,0.23,14.98,0.27,0.63,-0.02
20460767,0.19,0.00,0.00,0.02,8.71,8.71,0.00,0.00,127.83,127.99,14.94,0.24,14.98,0.27,0.90,0.24
20471252,0.19,0.00,0.19,0.10,8.71,8.71,8.94,8.87,128.02,128.05,14.94,0.24,14.98,0.27,0.18,0.10
20481497,0.19,0.00,0.19,0.09,8.71,8.71,8.94,8.87,128.02,128.05,14.94,0.24,14.98,0.27,0.21,0.14
20532664,0.19,0.00,0.17,0.12,8.71,8.71,8.07,8.17,130.16,130.49,14.95,0.24,14.99,0.27,-8.71,-8.71
20542879,0.19,0.00,0.17,0.06,8.71,8.71,8.07,8.17,128.26,128.28,14.95,0.24,14.99,0.27,-0.64,-0.53
20553076,0.19,0.00,0.17,-0.01,8.71,8.71,8.07,8.17,128.27,128.29,14.95,0.24,14.99,0.27,-0.64,-0.53
20563275,0.19,0.00,0.17,-0.05,8.71,8.71,8.07,8.17,128.27,128.29,14.95,0.23,14.99,0.27,-0.64,-0.53
20604454,0.18,0.00,0.18,-0.02,8.28,8.28,8.41,8.19,121.81,121.89,14.95,0.23,14.99,0.27,-0.03,-0.24
20614792,0.18,0.00,0.18,0.03,8.28,8.28,8.41,8.19,121.81,121.89,14.95,0.23,14.99,0.27,0.07,-0.14
20626874,0.18,0.00,0.18,0.00,8.28,8.28,8.41,8.19,121.81,121.89,14.95,0.23,14.99,0.27,0.11,-0.11
20637063,0.18,0.00,0.18,-0.08,8.28,8.28,8.41,8.19,121.81,121.89,14.95,0.23,14.99,0.27,0.12,-0.09
20678063,0.18,0.00,0.17,0.05,8.28,8.28,8.14,8.04,121.89,121.95,14.95,0.23,14.99,0.27,-0.14,-0.23
20688446,0.17,0.00,0.17,0.12,7.85,7.85,8.14,8.04,115.44,115.48,14.95,0.23,14.99,0.27,0.13,0.04
20698650,0.17,0.00,0.17,0.14,7.85,7.85,8.14,8.04,115.43,115.48,14.95,0.23,14.99,0.27,0.23,0.14
20708849,0.17,0.00,0.17,0.27,7.85,7.85,8.14,8.04,115.43,115.48,14.95,0.23,14.99,0.27,0.27,0.18
20739669,0.17,0.00,0.16,-0.12,7.85,7.85,7.28,7.62,115.67,115.62,14.96,0.23,15.00,0.27,-0.57,-0.22
20749935,0.17,0.00,0.16,0.06,7.85,7.85,7.28,7.62,115.67,115.62,14.96,0.23,15.00,0.27,-0.57,-0.22
20760130,0.17,0.00,0.16,0.17,7.85,7.85,7.28,7.62,115.67,115.62,14.96,0.23,15.00,0.27,-0.57,-0.22
20770348,0.17,0.00,0.16,0.08,7.85,7.85,7.28,7.62,115.67,115.63,14.96,0.23,15.00,0.27,-0.57,-0.22
20811441,0.16,0.00,0.16,-0.25,7.41,7.41,7.34,7.33,115.70,115.74,14.96,0.23,15.00,0.27,-0.51,-0.52
20821792,0.16,0.00,0.16,-0.19,7.41,7.41,7.34,7.33,109.15,109.18,14.96,0.23,15.00,0.27,-0.23,-0.24
20833873,0.16,0.00,0.16,-0.26,7.41,7.41,7.34,7.33,109.16,109.18,14.96,0.23,15.00,0.27,-0.13,-0.14
20844057,0.16,0.00,0.16,-0.20,7.41,7.41,7.34,7.33,109.16,109.18,14.96,0.23,15.00,0.27,-0.09,-0.10
20884978,0.16,0.00,0.15,0.08,7.41,7.41,7.34,6.98,109.18,109.30,14.97,0.23,15.00,0.27,-0.07,-0.43
20895348,0.15,0.00,0.15,0.26,6.97,6.97,7.34,6.98,102.59,102.70,14.97,0.23,15.00,0.27,0.21,-0.15
20905579,0.15,0.00,0.15,0.19,6.97,6.97,7.34,6.98,102.59,102.70,14.97,0.23,15.00,0.27,0.31,-0.05
20915770,0.15,0.00,0.15,0.07,6.97,6.97,7.34,6.98,102.59,102.70,14.97,0.23,15.00,0.27,0.35,-0.01
20946396,0.15,0.00,0.00,0.04,6.97,6.97,0.00,0.00,104.32,104.59,14.97,0.23,15.01,0.27,-6.97,-6.97
20956672,0.15,0.00,0.07,-0.02,6.97,6.97,0.00,6.60,104.33,104.60,14.97,0.23,15.01,0.27,-6.97,-6.97
20966949,0.15,0.00,0.14,-0.02,6.97,6.97,6.09,6.60,102.91,102.83,14.97,0.23,15.01,0.27,-0.88,-0.37
20977189,0.15,0.00,0.14,-0.10,6.97,6.97,6.09,6.60,102.92,102.83,14.97,0.23,15.01,0.27,-0.88,-0.37
21028243,0.15,0.00,0.00,0.00,6.97,6.97,0.00,0.00,104.36,104.62,14.97,0.23,15.01,0.27,-6.97,-6.97
21038740,0.14,0.00,0.14,-0.15,6.53,6.53,6.70,6.53,104.37,104.63,14.97,0.23,15.01,0.27,-6.97,-6.97
21049116,0.14,0.00,0.14,-0.13,6.53,6.53,6.70,6.53,96.26,96.32,14.97,0.23,15.01,0.27,0.01,-0.16
21059340,0.14,0.00,0.14,0.01,6.53,6.53,6.70,6.53,96.26,96.32,14.97,0.23,15.01,0.27,0.11,-0.06
21100204,0.13,0.00,0.00,-0.39,6.10,6.10,0.00,0.00,97.83,98.08,14.98,0.23,15.01,0.27,-6.53,-6.53
21110570,0.13,0.00,0.00,-0.27,6.10,6.10,0.00,0.00,91.28,91.52,14.98,0.23,15.01,0.27,-6.26,-6.26
21120787,0.13,0.00,0.00,0.09,6.10,6.10,0.00,0.00,91.29,91.52,14.98,0.23,15.02,0.27,-6.15,-6.15
21131107,0.13,0.00,0.12,0.29,6.10,6.10,5.69,5.67,91.30,91.53,14.98,0.23,15.02,0.27,-6.12,-6.12
21182454,0.12,0.00,0.00,-0.13,5.66,5.66,0.00,0.00,89.98,90.02,14.98,0.23,15.02,0.27,-0.41,-0.43
21192804,0.12,0.00,0.00,0.13,5.66,5.66,0.00,0.00,84.84,85.06,14.98,0.23,15.02,0.27,-5.82,-5.82
21203008,0.12,0.00,0.00,0.09,5.66,5.66,0.00,0.00,84.84,85.06,14.98,0.23,15.02,0.27,-5.72,-5.72
21213208,0.12,0.00,0.00,-0.01,5.66,5.66,0.00,0.00,84.85,85.06,14.98,0.23,15.02,0.27,-5.69,-5.69
21243957,0.12,0.00,0.11,-0.11,5.66,5.66,5.01,5.10,83.70,83.72,14.98,0.23,15.02,0.27,-0.66,-0.56
21254144,0.12,0.00,0.11,-0.10,5.66,5.66,5.01,5.10,83.70,83.72,14.98,0.23,15.02,0.27,-0.66,-0.56
21264352,0.12,0.00,0.11,0.06,5.66,5.66,5.01,5.10,83.70,83.72,14.98,0.23,15.02,0.27,-0.66,-0.56
21274600,0.12,0.00,0.11,0.06,5.66,5.66,5.01,5.10,83.70,83.72,14.98,0.23,15.02,0.27,-0.66,-0.56
21317310,0.12,0.00,0.00,-0.03,5.66,5.66,0.00,0.00,84.87,85.09,14.99,0.23,15.02,0.27,-5.66,-5.66
21327486,0.11,0.00,0.00,-0.14,5.23,5.23,0.00,0.00,84.87,85.09,14.99,0.23,15.02,0.27,-5.66,-5.66
21337740,0.11,0.00,0.00,-0.04,5.23,5.23,0.00,0.00,78.45,78.65,14.99,0.23,15.02,0.27,-5.39,-5.39
21347979,0.11,0.00,0.00,-0.04,5.23,5.23,0.00,0.00,78.46,78.66,14.99,0.23,15.03,0.27,-5.29,-5.29
21388823,0.10,0.00,0.09,0.06,4.81,4.81,4.40,4.41,77.45,77.49,14.99,0.23,15.03,0.26,-0.83,-0.82
21399092,0.10,0.00,0.09,-0.06,4.81,4.81,4.40,4.41,71.15,71.18,14.99,0.23,15.03,0.26,-0.57,-0.56
21409263,0.10,0.00,0.00,-0.17,4.81,4.81,0.00,0.00,71.15,72.35,14.99,0.23,15.03,0.26,-0.47,-4.87
21419435,0.10,0.00,0.00,-0.15,4.81,4.81,0.00,0.00,72.17,72.35,14.99,0.23,15.03,0.26,-4.84,-4.84
21460042,0.10,0.00,0.00,0.18,4.81,4.81,0.00,0.00,72.18,72.36,14.99,0.23,15.03,0.26,-4.82,-4.82
21470210,0.10,0.00,0.00,0.14,4.81,4.81,0.00,0.00,72.18,72.36,14.99,0.23,15.03,0.26,-4.81,-4.81
21480472,0.10,0.00,0.04,0.09,4.81,4.81,0.00,4.03,72.18,72.36,14.99,0.23,15.03,0.26,-4.81,-4.81
21490765,0.10,0.00,0.09,-0.08,4.81,4.81,3.92,4.03,72.18,71.30,14.99,0.23,15.03,0.26,-4.81,-0.78
21531499,0.10,0.00,0.04,0.20,4.81,4.81,3.92,0.00,71.28,71.30,14.99,0.23,15.03,0.26,-0.89,-0.78
21541764,0.09,0.00,0.00,0.35,4.40,4.40,0.00,0.00,65.11,66.18,14.99,0.23,15.03,0.26,-0.63,-4.55
21551927,0.09,0.00,0.00,0.28,4.40,4.40,0.00,0.00,66.01,66.18,14.99,0.23,15.03,0.26,-4.46,-4.46
21562101,0.09,0.00,0.00,0.22,4.40,4.40,0.00,0.00,66.01,66.18,14.99,0.23,15.03,0.26,-4.42,-4.42
21602794,0.09,0.00,0.00,-0.28,4.00,4.00,0.00,0.00,66.02,66.19,14.99,0.23,15.03,0.26,-4.40,-4.40
21613047,0.09,0.00,0.00,-0.09,4.00,4.00,0.00,0.00,59.98,60.13,14.99,0.23,15.03,0.26,-4.15,-4.15
21623301,0.09,0.00,0.04,0.04,4.00,4.00,0.00,3.67,59.98,60.13,14.99,0.23,15.03,0.26,-4.05,-4.05
21633489,0.09,0.00,0.04,0.21,4.00,4.00,0.00,3.67,59.98,59.16,14.99,0.23,15.03,0.26,-4.02,-0.35
21684760,0.08,0.00,0.04,-0.11,3.61,3.61,3.52,0.00,59.18,60.13,14.99,0.23,15.03,0.26,-0.48,-4.00
21695030,0.08,0.00,0.00,-0.31,3.61,3.61,0.00,0.00,54.15,54.28,14.99,0.23,15.03,0.26,-3.75,-3.75
21705214,0.08,0.00,0.00,-0.20,3.61,3.61,0.00,0.00,54.15,54.28,14.99,0.23,15.03,0.26,-3.66,-3.66
21715402,0.08,0.00,0.00,-0.12,3.61,3.61,0.00,0.00,54.15,54.29,15.00,0.23,15.03,0.26,-3.63,-3.63
21745930,0.08,0.00,0.00,0.07,3.61,3.61,0.00,0.00,54.15,54.29,15.00,0.23,15.03,0.26,-3.61,-3.61
21756102,0.08,0.00,0.00,-0.01,3.61,3.61,0.00,0.00,54.15,54.29,15.00,0.23,15.03,0.26,-3.61,-3.61
21766267,0.08,0.00,0.00,0.02,3.61,3.61,0.00,0.00,54.15,54.29,15.00,0.23,15.03,0.26,-3.61,-3.61
21776544,0.08,0.00,0.04,0.09,3.61,3.61,0.00,3.55,54.15,54.29,15.00,0.23,15.03,0.26,-3.61,-3.61
21807208,0.08,0.00,0.08,-0.26,3.61,3.61,3.57,3.55,53.34,53.35,15.00,0.23,15.03,0.26,-0.04,-0.07
21817396,0.07,0.00,0.08,-0.11,3.23,3.23,3.57,3.55,53.34,53.35,15.00,0.23,15.03,0.26,-0.04,-0.07
21827744,0.07,0.00,0.04,0.02,3.23,3.23,3.57,0.00,47.67,47.68,15.00,0.23,15.03,0.26,0.20,0.17
21837901,0.07,0.00,0.00,-0.02,3.23,3.23,0.00,0.00,47.67,48.61,15.00,0.23,15.03,0.26,0.29,-3.28
21888789,0.07,0.00,0.00,-0.29,3.23,3.23,0.00,0.00,48.49,48.61,15.00,0.23,15.03,0.26,-3.23,-3.23
21899172,0.06,0.00,0.00,-0.15,2.87,2.87,0.00,0.00,43.04,43.15,15.00,0.23,15.03,0.26,-3.00,-3.00
21909349,0.06,0.00,0.00,-0.02,2.87,2.87,0.00,0.00,43.04,43.15,15.00,0.23,15.03,0.26,-2.92,-2.92
21919529,0.06,0.00,0.00,0.07,2.87,2.87,0.00,0.00,43.04,43.15,15.00,0.23,15.03,0.26,-2.89,-2.89
21960535,0.06,0.00,0.07,0.02,2.87,2.87,3.56,3.36,42.22,42.26,15.00,0.23,15.03,0.26,0.69,0.49
21970684,0.06,0.00,0.07,-0.04,2.87,2.87,3.56,3.36,42.22,42.26,14.99,0.23,15.03,0.26,0.69,0.49
21980845,0.06,0.00,0.00,-0.18,2.87,2.87,0.00,0.00,42.22,42.26,14.99,0.23,15.03,0.26,0.69,0.49
21991010,0.06,0.00,0.00,-0.33,2.87,2.87,0.00,0.00,43.04,43.15,14.99,0.23,15.03,0.26,-2.87,-2.87
22042043,0.05,0.00,0.00,-0.08,2.52,2.52,0.00,0.00,43.04,43.15,14.99,0.23,15.03,0.26,-2.87,-2.87
22052306,0.05,0.00,0.00,0.05,2.52,2.52,0.00,0.00,37.84,37.94,14.99,0.23,15.03,0.26,-2.65,-2.65
22062562,0.05,0.00,0.00,0.13,2.52,2.52,0.00,0.00,37.84,37.94,14.99,0.23,15.03,0.26,-2.57,-2.57
22072748,0.05,0.00,0.00,0.07,2.52,2.52,0.00,0.00,37.84,37.94,14.99,0.23,15.03,0.26,-2.54,-2.54
22103412,0.05,0.00,0.07,-0.08,2.20,2.20,3.45,3.43,37.05,37.03,14.99,0.23,15.03,0.26,0.92,0.91
22113678,0.05,0.00,0.07,0.07,2.20,2.20,3.45,3.43,32.16,32.12,14.99,0.23,15.03,0.26,1.13,1.12
22123841,0.05,0.00,0.07,-0.05,2.20,2.20,3.45,3.43,32.15,32.12,14.99,0.23,15.03,0.26,1.20,1.19
22136121,0.05,0.00,0.00,-0.16,2.20,2.20,0.00,0.00,32.94,33.03,14.99,0.23,15.03,0.26,-2.20,-2.20
22176976,0.04,0.00,0.00,-0.21,1.89,1.89,0.00,0.00,28.30,28.38,14.99,0.23,15.03,0.26,-2.00,-2.00
22187325,0.04,0.00,0.00,-0.28,1.89,1.89,0.00,0.00,28.30,28.38,14.99,0.23,15.03,0.26,-1.93,-1.93
22197556,0.04,0.00,0.00,-0.27,1.89,1.89,0.00,0.00,28.30,28.38,14.99,0.23,15.03,0.26,-1.90,-1.90
22207778,0.04,0.00,0.00,-0.07,1.89,1.89,0.00,0.00,28.30,28.38,14.99,0.23,15.03,0.26,-1.89,-1.89
22248809,0.04,0.00,0.07,-0.11,1.89,1.89,3.38,3.09,27.52,27.56,14.99,0.23,15.03,0.26,1.49,1.20
22260878,0.04,0.00,0.07,-0.05,1.89,1.89,3.38,3.09,27.52,27.56,14.99,0.23,15.03,0.26,1.49,1.20
22271064,0.04,0.00,0.07,-0.22,1.89,1.89,3.38,3.09,27.52,27.56,14.99,0.23,15.03,0.26,1.49,1.20
22281252,0.04,0.00,0.07,-0.25,1.89,1.89,3.38,3.09,27.52,27.55,14.99,0.23,15.03,0.26,1.49,1.20
22322120,0.03,0.00,0.00,0.15,1.60,1.60,0.00,0.00,23.92,23.98,14.99,0.23,15.03,0.27,-1.70,-1.70
22332509,0.03,0.00,0.00,-0.07,1.60,1.60,0.00,0.00,23.92,23.98,14.99,0.23,15.03,0.27,-1.64,-1.64
22342792,0.03,0.00,0.00,-0.17,1.60,1.60,0.00,0.00,23.92,23.98,14.99,0.23,15.03,0.27,-1.61,-1.61
22354874,0.03,0.00,0.00,-0.13,1.60,1.60,0.00,0.00,23.92,23.98,14.99,0.23,15.03,0.27,-1.60,-1.60
22385566,0.03,0.00,0.00,-0.33,1.33,1.33,0.00,0.00,23.91,23.98,14.99,0.23,15.03,0.27,-1.60,-1.60
22396018,0.03,0.00,0.04,-0.32,1.33,1.33,3.44,0.00,19.12,19.97,14.99,0.23,15.03,0.27,2.02,-1.43
22406240,0.03,0.00,0.04,-0.16,1.33,1.33,3.44,0.00,19.12,19.97,14.99,0.23,15.03,0.27,2.08,-1.36
22416464,0.03,0.00,0.04,-0.04,1.33,1.33,3.44,0.00,19.11,19.97,14.99,0.23,15.03,0.27,2.10,-1.34
22457431,0.03,0.00,0.03,-0.08,1.33,1.33,0.00,2.82,19.91,19.22,14.99,0.23,15.03,0.27,-1.33,1.49
22467642,0.03,0.00,0.03,-0.18,1.33,1.33,0.00,2.82,19.91,19.21,14.99,0.23,15.03,0.27,-1.33,1.49
22477834,0.03,0.00,0.03,-0.26,1.33,1.33,0.00,2.82,19.91,19.21,14.99,0.23,15.03,0.27,-1.33,1.49
22488024,0.03,0.00,0.00,-0.27,1.33,1.33,0.00,0.00,19.91,19.96,14.99,0.23,15.03,0.27,-1.33,-1.33
22528910,0.02,0.00,0.00,-0.12,1.08,1.08,0.00,0.00,19.91,19.96,14.99,0.23,15.03,0.27,-1.33,-1.33
22539285,0.02,0.00,0.00,-0.14,1.08,1.08,0.00,0.00,16.21,16.25,14.99,0.23,15.02,0.27,-1.17,-1.17
22549533,0.02,0.00,0.00,-0.05,1.08,1.08,0.00,0.00,16.21,16.25,14.99,0.23,15.02,0.27,-1.12,-1.12
22559803,0.02,0.00,0.03,-0.13,1.08,1.08,3.07,0.00,16.21,16.25,14.99,0.23,15.02,0.27,-1.09,-1.09
22610842,0.02,0.00,0.00,-0.37,0.86,0.86,0.00,0.00,12.17,12.92,14.98,0.23,15.02,0.27,2.13,-0.94
22621204,0.02,0.00,0.00,-0.52,0.86,0.86,0.00,0.00,12.89,12.92,14.98,0.23,15.02,0.27,-0.89,-0.89
22631445,0.02,0.00,0.00,-0.42,0.86,0.86,0.00,0.00,12.89,12.92,14.98,0.23,15.02,0.27,-0.87,-0.87
22641651,0.02,0.00,0.00,-0.18,0.86,0.86,0.00,0.00,12.89,12.92,14.98,0.23,15.02,0.27,-0.86,-0.86
22672256,0.02,0.00,0.00,-0.19,0.86,0.86,0.00,0.00,12.89,12.92,14.98,0.23,15.02,0.27,-0.86,-0.86
22682684,0.01,0.00,0.02,-0.41,0.66,0.66,0.00,2.19,9.91,9.36,14.98,0.23,15.02,0.27,-0.73,1.45
22692972,0.01,0.00,0.02,-0.41,0.66,0.66,0.00,2.19,9.91,9.36,14.98,0.23,15.02,0.27,-0.69,1.50
22703165,0.01,0.00,0.02,-0.49,0.66,0.66,0.00,2.19,9.91,9.35,14.98,0.23,15.02,0.27,-0.67,1.52
22744212,0.01,0.00,0.03,-0.29,0.66,0.66,3.19,0.00,9.16,9.94,14.98,0.24,15.02,0.27,2.53,-0.66
22754434,0.01,0.00,0.03,-0.14,0.66,0.66,3.19,0.00,9.16,9.94,14.98,0.24,15.02,0.27,2.53,-0.66
22764646,0.01,0.00,0.03,-0.09,0.66,0.66,3.19,0.00,9.16,9.94,14.98,0.24,15.02,0.27,2.53,-0.66
22774859,0.01,0.00,0.00,-0.04,0.66,0.66,0.00,0.00,9.16,9.94,14.98,0.24,15.02,0.27,2.53,-0.66
22815732,0.01,0.00,0.00,-0.52,0.66,0.66,0.00,0.00,9.91,9.94,14.98,0.24,15.02,0.27,-0.66,-0.66
22826137,0.01,0.00,0.00,-0.56,0.49,0.49,0.00,0.00,7.31,7.33,14.98,0.24,15.02,0.27,-0.55,-0.55
22836435,0.01,0.00,0.00,-0.77,0.49,0.49,0.00,0.00,7.31,7.33,14.98,0.24,15.02,0.27,-0.51,-0.51
22846673,0.01,0.00,0.00,-0.77,0.49,0.49,0.00,0.00,7.31,7.33,14.98,0.24,15.02,0.27,-0.50,-0.50
22877286,0.01,0.00,0.00,-0.63,0.49,0.49,0.00,0.00,7.31,7.33,14.98,0.24,15.02,0.27,-0.49,-0.49
22887681,0.01,0.00,0.04,-0.34,0.34,0.34,3.26,0.00,7.31,7.33,14.98,0.24,15.02,0.27,-0.49,-0.49
22898024,0.01,0.00,0.04,-0.57,0.34,0.34,3.26,0.00,4.29,5.07,14.98,0.24,15.02,0.27,2.87,-0.39
22908232,0.01,0.00,0.04,-0.72,0.34,0.34,3.26,0.00,4.29,5.07,14.98,0.24,15.02,0.27,2.91,-0.36
22949021,0.01,0.00,0.00,-0.71,0.34,0.34,0.00,0.00,5.06,5.07,14.98,0.24,15.02,0.27,-0.34,-0.34
22959254,0.01,0.00,0.00,-0.59,0.34,0.34,0.00,0.00,5.06,5.07,14.98,0.24,15.02,0.27,-0.34,-0.34
22969463,0.01,0.00,0.00,-0.54,0.34,0.34,0.00,0.00,5.06,5.07,14.98,0.24,15.02,0.27,-0.34,-0.34
22979666,0.01,0.00,0.00,-0.48,0.34,0.34,0.00,0.00,5.06,5.07,14.98,0.24,15.02,0.27,-0.34,-0.34
23030667,0.01,0.00,0.00,-0.27,0.34,0.34,0.00,0.00,5.06,5.07,14.98,0.24,15.02,0.27,-0.34,-0.34
23041010,0.00,0.00,0.04,-0.38,0.22,0.22,3.41,0.00,3.23,3.24,14.98,0.24,15.02,0.27,-0.26,-0.26
23051474,0.00,0.00,0.04,-0.41,0.22,0.22,3.41,0.00,2.42,3.24,14.98,0.24,15.02,0.27,3.18,-0.23
23061778,0.00,0.00,0.05,-0.09,0.22,0.22,3.41,1.37,2.41,2.88,14.98,0.24,15.02,0.27,3.19,1.14
23102679,0.00,0.00,0.01,-0.71,0.12,0.12,0.00,1.37,3.23,2.88,14.97,0.24,15.02,0.27,-0.22,1.15
23113037,0.00,0.00,0.00,-0.72,0.12,0.12,0.00,0.00,1.83,1.83,14.97,0.24,15.02,0.27,-0.16,-0.16
23123245,0.00,0.00,0.00,-0.51,0.12,0.12,0.00,0.00,1.83,1.83,14.97,0.24,15.02,0.27,-0.13,-0.13
23133514,0.00,0.00,0.00,-0.55,0.12,0.12,0.00,0.00,1.83,1.83,14.97,0.24,15.02,0.27,-0.13,-0.13
23164151,0.00,0.00,0.00,-0.68,0.12,0.12,0.00,0.00,1.83,1.83,14.97,0.24,15.02,0.27,-0.12,-0.12
23174546,0.00,0.00,0.00,-0.73,0.05,0.05,0.00,0.00,0.81,0.81,14.97,0.24,15.02,0.27,-0.08,-0.08
23184774,0.00,0.00,0.00,-0.86,0.05,0.05,0.00,0.00,0.81,0.81,14.97,0.24,15.02,0.27,-0.06,-0.06
23194968,0.00,0.00,0.00,-0.71,0.05,0.05,0.00,0.00,0.81,0.81,14.97,0.24,15.02,0.27,-0.06,-0.06
23246034,0.00,0.00,0.03,-0.59,0.05,0.05,3.22,0.00,0.03,0.81,14.97,0.24,15.02,0.27,3.17,-0.05
23256242,0.00,0.00,0.00,-0.53,0.05,0.05,0.00,0.00,0.81,0.81,14.97,0.24,15.02,0.27,-0.05,-0.05
23266545,0.00,0.00,0.00,-0.61,0.05,0.05,0.00,0.00,0.81,0.81,14.97,0.24,15.02,0.27,-0.05,-0.05
23276732,0.00,0.00,0.00,-0.56,0.05,0.05,0.00,0.00,0.81,0.81,14.97,0.24,15.02,0.27,-0.05,-0.05
23307349,0.00,0.00,0.00,-0.38,0.05,0.05,0.00,0.00,0.81,0.81,14.97,0.24,15.02,0.27,-0.05,-0.05
23317570,0.00,0.00,0.00,-0.32,0.01,0.01,0.00,0.00,0.17,0.17,14.97,0.24,15.02,0.27,-0.03,-0.03
23327896,0.00,0.00,0.00,-0.44,0.01,0.01,0.00,0.00,0.17,0.17,14.97,0.24,15.02,0.27,-0.02,-0.02
23338097,0.00,0.00,0.00,-0.42,0.01,0.01,0.00,0.00,0.17,0.17,14.97,0.24,15.02,0.27,-0.01,-0.01
23379023,0.00,0.00,0.04,-0.33,0.01,0.01,3.31,0.00,-0.64,0.17,14.97,0.24,15.02,0.27,3.30,-0.01
23389401,0.00,0.00,0.04,-0.16,0.00,0.00,3.31,0.00,0.00,0.00,14.97,0.24,15.02,0.27,3.31,-0.00
23399622,0.00,0.00,0.04,-0.05,0.00,0.00,3.31,0.00,0.00,0.00,14.97,0.24,15.02,0.27,3.31,-0.00
23409793,0.00,0.00,0.00,0.04,0.00,0.00,0.00,0.00,0.00,0.00,14.97,0.25,15.02,0.27,3.31,-0.00
23452505,0.00,0.00,0.00,0.15,0.00,0.00,0.00,0.00,0.00,0.00,14.97,0.25,15.02,0.27,-0.00,-0.00
23462715,0.00,0.00,0.00,0.13,0.00,0.00,0.00,0.00,0.00,0.00,14.97,0.25,15.02,0.27,-0.00,-0.00
23472919,0.00,0.00,0.00,-0.09,0.00,0.00,0.00,0.00,0.00,0.00,14.97,0.25,15.02,0.27,-0.00,-0.00
23483157,0.00,0.00,0.00,-0.11,0.00,0.00,0.00,0.00,0.00,0.00,14.97,0.25,15.02,0.27,-0.00,-0.00
23525892,0.00,0.00,0.00,0.01,0.01,0.01,0.00,0.00,0.00,0.00,14.97,0.25,15.02,0.27,-0.00,-0.00
23536151,0.00,0.00,0.00,-0.05,0.01,0.01,0.00,0.00,0.17,0.17,14.97,0.25,15.02,0.27,-0.01,-0.01
23546332,0.00,0.00,0.00,-0.01,0.01,0.01,0.00,0.00,0.17,0.17,14.97,0.25,15.02,0.27,-0.01,-0.01
23556498,0.00,0.00,0.00,-0.05,0.01,0.01,0.00,0.00,0.17,0.17,14.97,0.25,15.02,0.27,-0.01,-0.01
23589115,0.00,0.00,0.00,-0.17,0.01,0.01,0.00,0.00,0.17,0.17,14.97,0.25,15.02,0.27,-0.01,-0.01
23599311,0.00,0.00,0.00,-0.20,0.05,0.05,0.00,0.00,0.81,0.81,14.97,0.25,15.02,0.27,-0.04,-0.04
23609656,0.00,0.00,0.00,-0.16,0.05,0.05,0.00,0.00,0.81,0.81,14.97,0.25,15.02,0.27,-0.05,-0.05
23619878,0.00,0.00,0.00,-0.23,0.05,0.05,0.00,0.00,0.81,0.81,14.97,0.25,15.02,0.27,-0.05,-0.05
23660795,0.00,0.00,0.00,-0.23,0.05,0.05,0.00,0.00,0.81,0.81,14.97,0.25,15.02,0.27,-0.05,-0.05
23671178,0.00,0.00,0.01,-0.23,0.05,0.05,0.00,0.86,0.81,0.58,14.97,0.25,15.02,0.27,-0.05,0.81
23681385,0.00,0.00,0.01,-0.35,0.05,0.05,0.00,0.86,0.81,0.58,14.97,0.25,15.02,0.27,-0.05,0.81
23691641,0.00,0.00,0.01,-0.39,0.05,0.05,0.00,0.86,0.81,0.58,14.97,0.25,15.02,0.27,-0.05,0.81
23732505,0.00,0.00,0.00,-0.40,0.05,0.05,0.00,0.00,0.81,0.81,14.97,0.25,15.02,0.27,-0.05,-0.05
23742878,0.00,0.00,0.00,-0.42,0.12,0.12,0.00,0.00,1.83,1.83,14.97,0.25,15.02,0.27,-0.10,-0.10
23753111,0.00,0.00,0.01,-0.41,0.12,0.12,1.33,0.00,1.50,1.83,14.97,0.25,15.02,0.27,1.22,-0.11
23763311,0.00,0.00,0.01,-0.36,0.12,0.12,1.33,0.00,1.50,1.83,14.97,0.25,15.02,0.27,1.21,-0.12
23814306,0.00,0.00,0.00,-0.65,0.12,0.12,0.00,0.00,1.83,1.83,14.97,0.25,15.02,0.27,-0.12,-0.12
23824680,0.00,0.00,0.00,-0.65,0.22,0.22,0.00,0.00,3.27,3.28,14.97,0.25,15.02,0.27,-0.18,-0.18
23834907,0.00,0.00,0.00,-0.55,0.22,0.22,0.00,0.00,3.27,3.28,14.97,0.25,15.02,0.27,-0.21,-0.21
23845102,0.00,0.00,0.00,-0.29,0.22,0.22,0.00,0.00,3.27,3.28,14.97,0.25,15.02,0.27,-0.21,-0.21
23875740,0.00,0.00,0.00,-0.55,0.22,0.22,0.00,0.00,3.27,3.28,14.97,0.25,15.02,0.27,-0.22,-0.22
23886095,0.01,0.00,0.00,-0.39,0.34,0.34,0.00,0.00,5.10,5.12,14.97,0.25,15.02,0.27,-0.30,-0.30
23896307,0.01,0.00,0.00,-0.49,0.34,0.34,0.00,0.00,5.10,5.12,14.97,0.25,15.02,0.27,-0.32,-0.32
23906517,0.01,0.00,0.00,-0.63,0.34,0.34,0.00,0.00,5.10,5.12,14.97,0.25,15.02,0.27,-0.33,-0.33
23947585,0.01,0.00,0.03,-1.05,0.34,0.34,3.07,0.00,4.34,5.12,14.97,0.25,15.02,0.27,2.72,-0.34
23957795,0.01,0.00,0.03,-0.80,0.34,0.34,3.07,0.00,4.34,5.12,14.97,0.25,15.02,0.27,2.72,-0.34
23969876,0.01,0.00,0.03,-0.71,0.34,0.34,3.07,0.00,4.34,5.12,14.97,0.25,15.02,0.27,2.72,-0.34
23980064,0.01,0.00,0.00,-0.86,0.34,0.34,0.00,0.00,5.10,5.12,14.97,0.25,15.02,0.27,-0.34,-0.34
24020867,0.01,0.00,0.00,-0.78,0.34,0.34,0.00,0.00,5.10,5.12,14.97,0.25,15.02,0.27,-0.34,-0.34
24031235,0.01,0.00,0.00,-0.88,0.49,0.49,0.00,0.00,7.35,7.38,14.97,0.25,15.02,0.27,-0.44,-0.44
24041470,0.01,0.00,0.00,-0.87,0.49,0.49,0.00,0.00,7.35,7.38,14.97,0.25,15.02,0.27,-0.47,-0.47
24051736,0.01,0.00,0.00,-0.85,0.49,0.49,0.00,0.00,7.35,7.38,14.97,0.25,15.02,0.27,-0.48,-0.48
24092784,0.01,0.00,0.04,-0.77,0.66,0.66,3.46,0.00,9.08,9.98,14.96,0.25,15.02,0.27,2.86,-0.60
24103127,0.01,0.00,0.04,-0.72,0.66,0.66,3.46,0.00,9.08,9.98,14.96,0.25,15.02,0.27,2.82,-0.64
24113346,0.01,0.00,0.04,-0.42,0.66,0.66,3.46,0.00,9.08,9.98,14.96,0.25,15.02,0.27,2.81,-0.66
24123557,0.01,0.00,0.04,-0.48,0.66,0.66,3.46,0.00,9.07,9.98,14.96,0.25,15.02,0.27,2.80,-0.66
24154140,0.01,0.00,0.00,-0.89,0.66,0.66,0.00,0.00,9.94,9.98,14.96,0.25,15.02,0.27,-0.66,-0.66
24164347,0.01,0.00,0.00,-0.88,0.66,0.66,0.00,0.00,9.94,9.98,14.96,0.25,15.02,0.27,-0.66,-0.66
24174570,0.01,0.00,0.00,-0.79,0.66,0.66,0.00,0.00,9.94,9.98,14.96,0.25,15.02,0.27,-0.66,-0.66
24184827,0.01,0.00,0.00,-0.74,0.66,0.66,0.00,0.00,9.94,9.98,14.96,0.25,15.02,0.27,-0.66,-0.66
24237881,0.02,0.00,0.04,-0.71,0.86,0.86,3.49,0.00,9.06,9.98,14.96,0.25,15.02,0.27,2.82,-0.66
24248333,0.02,0.00,0.04,-0.58,0.86,0.86,3.49,0.00,12.04,12.96,14.96,0.25,15.02,0.27,2.70,-0.79
24258604,0.02,0.00,0.05,-0.35,0.86,0.86,3.49,0.90,12.03,12.72,14.96,0.25,15.02,0.27,2.65,0.06
24268787,0.02,0.00,0.05,-0.11,0.86,0.86,3.49,0.90,12.03,12.72,14.96,0.25,15.02,0.27,2.63,0.04
24301375,0.02,0.00,0.00,-0.50,0.86,0.86,0.00,0.00,12.91,12.72,14.96,0.25,15.02,0.27,-0.86,0.03
24311723,0.02,0.00,0.00,-0.67,1.09,1.09,0.00,0.00,16.27,16.33,14.96,0.25,15.02,0.27,-1.00,-1.00
24321969,0.02,0.00,0.00,-0.88,1.09,1.09,0.00,0.00,16.27,16.33,14.96,0.25,15.02,0.27,-1.06,-1.06
24332162,0.02,0.00,0.00,-0.93,1.09,1.09,0.00,0.00,16.27,16.33,14.96,0.25,15.02,0.27,-1.08,-1.08
24373068,0.03,0.00,0.04,-0.74,1.33,1.33,3.86,0.00,15.29,16.33,14.96,0.25,15.02,0.27,2.77,-1.09
24383474,0.03,0.00,0.04,-0.68,1.33,1.33,3.86,0.00,18.98,20.03,14.96,0.25,15.02,0.27,2.61,-1.24
24393683,0.03,0.00,0.04,-0.51,1.33,1.33,3.86,0.00,18.98,20.03,14.96,0.25,15.02,0.27,2.56,-1.30
24403877,0.03,0.00,0.04,-0.55,1.33,1.33,3.86,0.00,18.98,20.03,14.96,0.25,15.01,0.27,2.53,-1.32
24444756,0.03,0.00,0.00,-0.06,1.33,1.33,0.00,0.00,19.96,20.03,14.96,0.25,15.01,0.27,-1.33,-1.33
24454966,0.03,0.00,0.00,0.04,1.33,1.33,0.00,0.00,19.96,20.03,14.96,0.25,15.01,0.27,-1.33,-1.33
24465160,0.03,0.00,0.00,0.01,1.33,1.33,0.00,0.00,19.96,20.03,14.96,0.25,15.01,0.27,-1.33,-1.33
24475369,0.03,0.00,0.00,-0.11,1.33,1.33,0.00,0.00,19.96,20.03,14.96,0.25,15.01,0.27,-1.33,-1.33
24516364,0.03,0.00,0.04,-0.94,1.60,1.60,3.51,0.00,19.06,20.03,14.95,0.25,15.01,0.27,2.17,-1.33
24526727,0.03,0.00,0.04,-0.83,1.60,1.60,3.51,0.00,23.05,24.04,14.95,0.26,15.01,0.27,2.00,-1.50
24536938,0.03,0.00,0.04,-0.78,1.60,1.60,3.51,0.00,23.05,24.04,14.95,0.26,15.01,0.27,1.94,-1.57
24547130,0.03,0.00,0.04,-0.63,1.60,1.60,3.51,0.00,23.05,24.04,14.95,0.26,15.01,0.27,1.92,-1.59
24577787,0.03,0.00,0.02,-0.35,1.60,1.60,0.00,1.63,23.94,23.60,14.95,0.26,15.01,0.27,-1.60,0.03
24588035,0.04,0.00,0.02,-0.43,1.89,1.89,0.00,1.63,23.94,23.60,14.95,0.26,15.01,0.27,-1.60,0.03
24598431,0.04,0.00,0.02,-0.54,1.89,1.89,0.00,1.63,28.31,27.99,14.95,0.26,15.01,0.27,-1.79,-0.15
24608639,0.04,0.00,0.02,-0.51,1.89,1.89,0.00,1.63,28.31,27.99,14.95,0.26,15.01,0.27,-1.85,-0.22
24659672,0.04,0.00,0.00,-0.18,1.89,1.89,0.00,0.00,28.31,28.43,14.95,0.26,15.01,0.27,-1.89,-1.89
24670031,0.04,0.00,0.04,-0.13,1.89,1.89,3.40,0.00,27.44,28.43,14.95,0.26,15.01,0.27,1.51,-1.89
24680247,0.04,0.00,0.04,-0.27,1.89,1.89,3.40,0.00,27.44,28.43,14.95,0.26,15.01,0.27,1.51,-1.89
24690470,0.04,0.00,0.04,-0.45,1.89,1.89,3.40,0.00,27.44,28.43,14.95,0.26,15.01,0.27,1.51,-1.89
24731304,0.05,0.00,0.00,-0.58,2.20,2.20,0.00,0.00,28.31,28.43,14.95,0.26,15.01,0.27,-1.89,-1.89
24741715,0.05,0.00,0.00,-0.57,2.20,2.20,0.00,0.00,32.94,33.07,14.95,0.26,15.01,0.27,-2.09,-2.09
24751919,0.05,0.00,0.00,-0.16,2.20,2.20,0.00,0.00,32.93,33.07,14.95,0.26,15.01,0.27,-2.16,-2.16
24762112,0.05,0.00,0.00,-0.39,2.20,2.20,0.00,0.00,32.93,33.07,14.95,0.26,15.01,0.27,-2.19,-2.19
24802924,0.05,0.00,0.00,-0.24,2.20,2.20,0.00,0.00,32.93,33.07,14.95,0.26,15.01,0.27,-2.20,-2.20
24813363,0.05,0.00,0.00,-0.27,2.53,2.53,0.00,0.00,37.86,38.01,14.95,0.26,15.01,0.27,-2.41,-2.41
24823639,0.05,0.00,0.00,-0.25,2.53,2.53,0.00,0.00,37.86,38.01,14.95,0.26,15.01,0.27,-2.49,-2.49
24833994,0.05,0.00,0.00,-0.37,2.53,2.53,0.00,0.00,37.86,38.01,14.95,0.26,15.01,0.27,-2.52,-2.52
24875067,0.05,0.00,0.05,0.20,2.53,2.53,3.05,1.82,37.07,37.53,14.95,0.26,15.01,0.27,0.52,-0.72
24885446,0.06,0.00,0.05,0.02,2.88,2.88,3.05,1.82,42.25,42.73,14.95,0.26,15.01,0.27,0.30,-0.94
24895639,0.06,0.00,0.02,-0.28,2.88,2.88,0.00,1.82,43.03,42.73,14.95,0.26,15.01,0.27,-2.83,-1.02
24905829,0.06,0.00,0.02,-0.45,2.88,2.88,0.00,1.82,43.03,42.73,14.95,0.26,15.01,0.27,-2.86,-1.05
24946651,0.06,0.00,0.00,-0.41,2.88,2.88,0.00,0.00,43.03,43.21,14.95,0.26,15.01,0.27,-2.88,-2.88
24956842,0.06,0.00,0.00,-0.48,2.88,2.88,0.00,0.00,43.03,43.21,14.95,0.26,15.01,0.27,-2.88,-2.88
24967092,0.06,0.00,0.00,-0.52,2.88,2.88,0.00,0.00,43.03,43.21,14.95,0.26,15.01,0.27,-2.88,-2.88
24977363,0.06,0.00,0.00,-0.47,2.88,2.88,0.00,0.00,43.03,43.21,14.95,0.26,15.01,0.27,-2.88,-2.88
25018431,0.06,0.00,0.03,-0.29,2.88,2.88,3.01,0.00,42.26,43.21,14.95,0.26,15.01,0.27,0.13,-2.88
25028642,0.07,0.00,0.03,-0.35,3.24,3.24,3.01,0.00,42.26,43.21,14.95,0.26,15.01,0.27,0.13,-2.88
25039002,0.07,0.00,0.03,-0.35,3.24,3.24,3.01,0.00,47.69,48.67,14.95,0.26,15.01,0.27,-0.10,-3.11
25049434,0.07,0.00,0.03,-0.20,3.24,3.24,3.01,0.00,47.69,48.67,14.95,0.26,15.01,0.27,-0.19,-3.19
25090533,0.08,0.00,0.00,-0.26,3.62,3.62,0.00,0.00,48.46,48.67,14.95,0.26,15.01,0.27,-3.24,-3.24
25100872,0.08,0.00,0.00,-0.27,3.62,3.62,0.00,0.00,54.07,54.29,14.95,0.26,15.01,0.27,-3.48,-3.48
25111072,0.08,0.00,0.00,-0.44,3.62,3.62,0.00,0.00,54.07,54.29,14.95,0.26,15.01,0.27,-3.57,-3.57
25121295,0.08,0.00,0.00,-0.47,3.62,3.62,0.00,0.00,54.07,54.29,14.95,0.26,15.01,0.27,-3.60,-3.60
25162131,0.08,0.00,0.00,-0.46,3.62,3.62,0.00,0.00,54.07,54.29,14.95,0.26,15.01,0.27,-3.62,-3.62
25172604,0.09,0.00,0.05,-0.52,4.01,4.01,0.00,4.38,59.93,59.01,14.95,0.26,15.01,0.27,-3.86,0.52
25182931,0.09,0.00,0.08,-0.55,4.01,4.01,3.06,4.38,59.93,59.01,14.95,0.26,15.01,0.27,-3.96,0.43
25193144,0.09,0.00,0.08,-0.44,4.01,4.01,3.06,4.38,59.14,59.01,14.95,0.26,15.01,0.27,-0.93,0.39
25233988,0.09,0.00,0.00,-0.49,4.01,4.01,0.00,0.00,59.14,60.17,14.95,0.26,15.01,0.27,-0.95,-4.01
25244255,0.09,0.00,0.00,-0.64,4.01,4.01,0.00,0.00,59.93,60.18,14.95,0.26,15.01,0.27,-4.01,-4.01
25254478,0.09,0.00,0.00,-0.47,4.01,4.01,0.00,0.00,59.93,60.18,14.95,0.26,15.01,0.27,-4.01,-4.01
25264676,0.09,0.00,0.00,-0.32,4.01,4.01,0.00,0.00,59.93,60.18,14.95,0.26,15.01,0.27,-4.01,-4.01
25295299,0.09,0.00,0.00,-0.23,4.01,4.01,0.00,0.00,59.93,60.18,14.95,0.26,15.01,0.27,-4.01,-4.01
25305760,0.09,0.00,0.00,-0.18,4.41,4.41,0.00,0.00,59.93,60.18,14.95,0.26,15.01,0.27,-4.01,-4.01
25316142,0.09,0.00,0.00,-0.29,4.41,4.41,0.00,0.00,65.96,66.23,14.95,0.26,15.01,0.27,-4.26,-4.26
25326358,0.09,0.00,0.00,-0.42,4.41,4.41,0.00,0.00,65.96,66.23,14.95,0.26,15.01,0.27,-4.36,-4.36
25377454,0.10,0.00,0.03,-0.39,4.82,4.82,3.13,0.00,65.17,66.24,14.95,0.26,15.01,0.27,-1.28,-4.41
25387812,0.10,0.00,0.03,-0.48,4.82,4.82,3.13,0.00,71.32,72.42,14.95,0.26,15.02,0.27,-1.54,-4.67
25398034,0.10,0.00,0.03,-0.50,4.82,4.82,3.13,0.00,71.32,72.43,14.95,0.26,15.02,0.27,-1.63,-4.77
25408239,0.10,0.00,0.00,-0.55,4.82,4.82,0.00,0.00,72.13,72.43,14.95,0.26,15.02,0.27,-4.80,-4.80
25438871,0.10,0.00,0.00,-0.15,4.82,4.82,0.00,0.00,72.13,72.43,14.95,0.26,15.02,0.27,-4.82,-4.82
25449058,0.11,0.00,0.00,-0.16,5.24,5.24,0.00,0.00,78.42,78.75,14.96,0.26,15.02,0.27,-5.09,-5.09
25459411,0.11,0.00,0.00,-0.21,5.24,5.24,0.00,0.00,78.42,78.75,14.96,0.26,15.02,0.27,-5.19,-5.19
25469618,0.11,0.00,0.00,-0.17,5.24,5.24,0.00,0.00,78.43,78.75,14.96,0.26,15.02,0.27,-5.22,-5.22
25520833,0.11,0.00,0.05,-0.56,5.24,5.24,3.25,1.69,77.61,78.32,14.96,0.26,15.02,0.26,-2.00,-3.55
25531018,0.11,0.00,0.03,-0.55,5.24,5.24,3.25,0.00,77.61,78.77,14.96,0.25,15.02,0.26,-2.00,-5.24
25541214,0.11,0.00,0.03,-0.41,5.24,5.24,3.25,0.00,77.62,78.77,14.96,0.25,15.02,0.26,-2.00,-5.24
25551422,0.11,0.00,0.03,-0.41,5.24,5.24,3.25,0.00,77.62,78.77,14.96,0.25,15.02,0.26,-2.00,-5.24
25592204,0.12,0.00,0.00,-0.43,5.67,5.67,0.00,0.00,78.45,78.79,14.96,0.25,15.03,0.26,-5.24,-5.24
25602587,0.12,0.00,0.00,-0.37,5.67,5.67,0.00,0.00,84.87,85.23,14.96,0.25,15.03,0.26,-5.51,-5.51
25612800,0.12,0.00,0.00,-0.31,5.67,5.67,0.00,0.00,84.88,85.24,14.96,0.25,15.03,0.26,-5.61,-5.61
25624896,0.12,0.00,0.00,-0.36,5.67,5.67,0.00,0.00,84.88,85.24,14.96,0.25,15.03,0.26,-5.65,-5.65
25655554,0.12,0.00,0.04,-0.19,5.67,5.67,3.70,0.00,84.89,85.25,14.97,0.25,15.03,0.26,-5.67,-5.67
25666001,0.13,0.00,0.04,-0.07,6.11,6.11,3.70,0.00,90.46,91.79,14.97,0.25,15.03,0.26,-2.24,-5.95
25676179,0.13,0.00,0.04,-0.23,6.11,6.11,3.70,0.00,90.46,91.79,14.97,0.25,15.03,0.26,-2.34,-6.05
25686356,0.13,0.00,0.04,-0.42,6.11,6.11,3.70,0.00,90.47,91.80,14.97,0.25,15.03,0.26,-2.38,-6.08
25729011,0.13,0.00,0.13,-0.27,6.11,6.11,9.93,2.32,88.85,91.20,14.96,0.26,15.04,0.26,3.82,-3.78
25739175,0.13,0.00,0.13,-0.21,6.11,6.11,9.93,2.32,88.82,91.21,14.96,0.26,15.04,0.26,3.82,-3.78
25749348,0.13,0.00,0.11,-0.22,6.11,6.11,9.93,0.00,88.79,91.21,14.96,0.26,15.04,0.26,3.82,-3.78
25759510,0.13,0.00,0.00,-0.10,6.11,6.11,0.00,0.00,88.76,91.83,14.96,0.26,15.04,0.26,3.82,-6.11
25800196,0.14,0.00,0.08,-0.75,6.54,6.54,7.80,0.00,89.29,91.85,14.96,0.26,15.04,0.26,1.69,-6.11
25810485,0.14,0.00,0.08,-0.55,6.54,6.54,7.80,0.00,95.78,98.39,14.96,0.26,15.04,0.26,1.42,-6.38
25820655,0.14,0.00,0.08,-0.31,6.54,6.54,7.80,0.00,95.77,98.40,14.96,0.26,15.04,0.26,1.31,-6.48
25830819,0.14,0.00,0.00,-0.21,6.54,6.54,0.00,0.00,97.84,98.41,14.96,0.26,15.04,0.26,-6.52,-6.52
25873665,0.14,0.00,0.04,-0.37,6.54,6.54,0.00,3.49,97.87,97.52,14.96,0.26,15.05,0.26,-6.54,-3.05
25884000,0.15,0.00,0.09,-0.32,6.98,6.98,4.95,3.49,97.88,97.52,14.96,0.26,15.05,0.26,-6.54,-3.05
25894259,0.15,0.00,0.09,-0.41,6.98,6.98,4.95,3.49,103.16,104.15,14.96,0.26,15.05,0.26,-1.87,-3.32
25904435,0.15,0.00,0.05,-0.54,6.98,6.98,4.95,0.00,103.17,104.16,14.96,0.26,15.05,0.26,-1.97,-3.43
25945051,0.15,0.00,0.00,-0.18,6.98,6.98,0.00,0.00,104.49,105.10,14.97,0.26,15.06,0.26,-6.98,-6.98
25955223,0.15,0.00,0.00,-0.28,6.98,6.98,0.00,0.00,104.50,105.11,14.97,0.26,15.06,0.26,-6.98,-6.98
25965401,0.15,0.00,0.00,-0.41,6.98,6.98,0.00,0.00,104.51,105.12,14.97,0.26,15.06,0.26,-6.98,-6.98
25975748,0.15,0.00,0.11,-0.62,6.98,6.98,5.75,4.32,104.51,105.13,14.97,0.26,15.06,0.26,-6.98,-6.98
26016425,0.15,0.00,0.11,-0.09,6.98,6.98,5.75,4.32,103.03,104.03,14.97,0.26,15.06,0.26,-1.23,-2.66
26026774,0.16,0.00,0.00,-0.11,7.42,7.42,0.00,0.00,104.53,104.04,14.97,0.26,15.06,0.26,-6.98,-2.66
26037029,0.16,0.00,0.00,-0.36,7.42,7.42,0.00,0.00,111.09,111.75,14.98,0.26,15.06,0.26,-7.26,-7.26
26047204,0.16,0.00,0.00,-0.65,7.42,7.42,0.00,0.00,111.10,111.76,14.98,0.26,15.07,0.26,-7.36,-7.36
26088195,0.16,0.00,0.11,-0.42,7.42,7.42,5.96,4.70,109.58,111.81,14.98,0.26,15.07,0.26,-1.46,-7.42
26098490,0.17,0.00,0.11,-0.32,7.86,7.86,5.96,4.70,116.14,117.20,14.98,0.26,15.07,0.26,-1.74,-3.00
26108655,0.17,0.00,0.05,-0.31,7.86,7.86,0.00,4.70,116.14,117.21,14.98,0.26,15.07,0.25,-1.84,-3.10
26118816,0.17,0.00,0.05,-0.41,7.86,7.86,0.00,4.70,117.69,117.22,14.98,0.26,15.07,0.25,-7.83,-3.14
26171650,0.17,0.00,0.07,-0.24,7.86,7.86,6.71,0.00,116.01,118.48,14.99,0.26,15.08,0.25,-1.14,-7.86
26181898,0.17,0.00,0.13,-0.32,7.86,7.86,6.71,5.30,116.01,118.49,14.99,0.26,15.08,0.25,-1.14,-7.86
26192071,0.17,0.00,0.06,-0.39,7.86,7.86,0.00,5.30,116.02,117.16,14.99,0.26,15.09,0.25,-1.14,-2.55
26202243,0.17,0.00,0.06,-0.46,7.86,7.86,0.00,5.30,117.75,117.17,14.99,0.26,15.09,0.25,-7.86,-2.55
26232920,0.18,0.00,0.08,-0.05,8.29,8.29,7.01,0.00,115.98,117.19,14.99,0.25,15.09,0.25,-0.85,-2.55
26243198,0.18,0.00,0.08,-0.32,8.29,8.29,7.01,0.00,122.46,125.05,14.99,0.25,15.09,0.25,-1.12,-8.13
26253462,0.18,0.00,0.08,-0.35,8.29,8.29,7.01,0.00,122.46,125.06,14.99,0.25,15.09,0.25,-1.22,-8.23
26263626,0.18,0.00,0.00,-0.27,8.29,8.29,0.00,0.00,122.47,125.08,14.99,0.25,15.09,0.25,-1.26,-8.27
26314940,0.19,0.00,0.14,-0.17,8.72,8.72,6.95,5.87,122.54,123.67,15.00,0.25,15.10,0.25,-1.33,-2.42
26325257,0.19,0.00,0.07,-0.35,8.72,8.72,6.95,0.00,128.97,130.16,15.00,0.25,15.10,0.25,-1.61,-2.69
26335431,0.19,0.00,0.00,-0.38,8.72,8.72,0.00,0.00,128.98,131.62,15.00,0.25,15.10,0.25,-1.70,-8.66
26345600,0.19,0.00,0.00,-0.51,8.72,8.72,0.00,0.00,130.75,131.64,15.00,0.25,15.10,0.25,-8.69,-8.69
26376486,0.19,0.00,0.15,-0.28,8.72,8.72,7.59,6.42,128.88,130.11,15.00,0.25,15.11,0.24,-1.12,-2.30
26386647,0.20,0.00,0.15,-0.25,9.14,9.14,7.59,6.42,128.88,130.12,15.01,0.25,15.11,0.24,-1.12,-2.30
26396904,0.20,0.00,0.15,-0.36,9.14,9.14,7.59,6.42,135.20,136.48,15.01,0.25,15.11,0.24,-1.39,-2.56
26407092,0.20,0.00,0.00,-0.37,9.14,9.14,0.00,0.00,135.20,136.49,15.01,0.25,15.11,0.24,-1.49,-2.66
26460114,0.20,0.00,0.16,-0.42,9.14,9.14,8.07,6.69,135.14,136.53,15.01,0.25,15.12,0.24,-1.06,-2.45
26470324,0.20,0.00,0.07,-0.39,9.14,9.14,0.00,6.69,137.16,136.54,15.01,0.25,15.12,0.24,-9.14,-2.45
26480573,0.20,0.00,0.09,-0.46,9.14,9.14,8.59,0.00,135.05,138.16,15.01,0.25,15.12,0.24,-0.55,-9.14
26490805,0.20,0.00,0.09,-0.32,9.14,9.14,8.59,0.00,135.05,138.18,15.01,0.25,15.13,0.24,-0.55,-9.14
26521809,0.20,0.00,0.17,-0.30,9.14,9.14,8.59,7.45,135.06,136.44,15.01,0.25,15.13,0.24,-0.55,-1.68
26532266,0.21,0.00,0.08,-0.09,9.55,9.55,0.00,7.45,143.37,142.68,15.02,0.25,15.13,0.24,-9.40,-1.94
26542513,0.21,0.00,0.17,-0.25,9.55,9.55,8.37,7.45,141.33,142.69,15.02,0.24,15.13,0.23,-1.12,-2.04
26552740,0.21,0.00,0.09,-0.47,9.55,9.55,8.37,0.00,141.34,144.47,15.02,0.24,15.13,0.23,-1.15,-9.53
26593617,0.21,0.00,0.08,-0.47,9.55,9.55,0.00,7.71,143.42,142.72,15.02,0.24,15.14,0.23,-9.55,-1.83
26604025,0.21,0.00,0.18,-0.38,9.95,9.95,9.04,7.71,147.29,148.84,15.02,0.24,15.14,0.23,-0.76,-2.09
26614369,0.21,0.00,0.18,-0.29,9.95,9.95,9.04,7.71,147.30,148.85,15.02,0.24,15.14,0.23,-0.86,-2.18
26624596,0.21,0.00,0.10,-0.52,9.95,9.95,9.04,0.00,147.30,150.66,15.02,0.24,15.14,0.23,-0.89,-9.93
26665623,0.21,0.00,0.18,-0.34,9.95,9.95,9.37,7.58,147.28,148.99,15.03,0.24,15.15,0.23,-0.58,-2.37
26675985,0.22,0.00,0.18,-0.35,10.34,10.34,9.37,7.58,153.13,154.90,15.03,0.24,15.15,0.23,-0.83,-2.62
26686231,0.22,0.00,0.10,-0.38,10.34,10.34,9.37,0.00,153.14,156.66,15.03,0.24,15.15,0.23,-0.92,-10.29
26696452,0.22,0.00,0.10,-0.46,10.34,10.34,9.37,0.00,153.14,156.70,15.03,0.24,15.16,0.23,-0.95,-10.32
26747596,0.22,0.00,0.19,-0.17,10.34,10.34,9.70,8.22,153.13,154.91,15.03,0.24,15.16,0.22,-0.64,-2.12
26757958,0.22,0.00,0.10,-0.34,10.34,10.34,9.70,0.00,153.13,156.78,15.03,0.24,15.16,0.22,-0.64,-10.34
26768322,0.22,0.00,0.20,-0.38,10.34,10.34,9.93,8.96,153.08,154.80,15.03,0.24,15.16,0.22,-0.41,-1.38
26778544,0.22,0.00,0.20,-0.46,10.34,10.34,9.93,8.96,153.08,154.81,15.03,0.24,15.16,0.22,-0.41,-1.38
26809193,0.22,0.00,0.11,-0.25,10.34,10.34,9.93,0.00,153.09,156.84,15.03,0.24,15.17,0.22,-0.41,-10.34
26819852,0.23,0.00,0.20,-0.37,10.72,10.72,9.88,9.17,158.79,160.56,15.03,0.24,15.17,0.22,-0.70,-1.41
26830067,0.23,0.00,0.20,-0.24,10.72,10.72,9.88,9.17,158.80,160.57,15.03,0.24,15.17,0.22,-0.78,-1.50
26840276,0.23,0.00,0.20,-0.33,10.72,10.72,9.88,9.17,158.80,160.59,15.03,0.24,15.17,0.22,-0.82,-1.53
26891650,0.24,0.00,0.21,-0.34,11.08,11.08,9.98,9.35,164.28,166.16,15.04,0.23,15.18,0.22,-0.97,-1.60
26902013,0.24,0.00,0.21,-0.19,11.08,11.08,9.98,9.35,164.29,166.17,15.04,0.23,15.18,0.21,-1.05,-1.68
26912215,0.24,0.00,0.21,-0.20,11.08,11.08,9.98,9.35,164.30,166.19,15.04,0.23,15.18,0.21,-1.08,-1.71
26922525,0.24,0.00,0.11,-0.11,11.08,11.08,10.68,0.00,164.14,168.23,15.04,0.23,15.18,0.21,-0.40,-11.07
26953162,0.24,0.00,0.22,-0.36,11.08,11.08,10.68,9.98,164.16,166.14,15.04,0.23,15.18,0.21,-0.40,-1.10
26963380,0.25,0.00,0.22,-0.31,11.43,11.43,10.68,9.98,169.37,171.41,15.04,0.23,15.19,0.21,-0.62,-1.32
26973781,0.25,0.00,0.23,-0.30,11.43,11.43,11.04,9.98,169.29,171.42,15.04,0.23,15.19,0.21,-0.34,-1.40
26984146,0.25,0.00,0.22,-0.35,11.43,11.43,11.04,9.88,169.30,171.46,15.04,0.23,15.19,0.21,-0.37,-1.53
27035600,0.25,0.00,0.23,-0.30,11.43,11.43,11.11,10.34,169.30,171.43,15.04,0.23,15.19,0.21,-0.32,-1.09
27045802,0.25,0.00,0.23,-0.28,11.43,11.43,11.11,10.34,169.30,171.44,15.04,0.23,15.19,0.21,-0.32,-1.09
27056006,0.25,0.00,0.23,-0.27,11.43,11.43,11.11,10.34,169.31,171.46,15.04,0.23,15.19,0.20,-0.32,-1.09
27066311,0.25,0.00,0.24,-0.32,11.43,11.43,11.60,10.34,169.19,171.47,15.04,0.23,15.19,0.20,0.18,-1.09
27097040,0.25,0.00,0.24,-0.39,11.43,11.43,11.60,10.38,169.18,171.49,15.04,0.23,15.19,0.20,0.18,-1.04
27107488,0.25,0.00,0.24,-0.44,11.75,11.75,11.82,10.38,174.04,176.46,15.04,0.23,15.19,0.20,0.19,-1.25
27117857,0.25,0.00,0.24,-0.36,11.75,11.75,11.82,10.38,174.04,176.48,15.04,0.23,15.19,0.20,0.12,-1.33
27128197,0.25,0.00,0.24,-0.36,11.75,11.75,11.82,10.38,174.03,176.49,15.04,0.23,15.19,0.20,0.09,-1.35
27179453,0.26,0.00,0.39,-0.01,12.07,12.07,25.19,11.29,174.59,181.12,15.02,0.26,15.20,0.20,13.24,-0.66
27189806,0.26,0.00,0.39,-0.20,12.07,12.07,25.19,11.29,174.05,181.13,15.01,0.28,15.20,0.20,13.16,-0.73
27200177,0.26,0.00,0.35,-0.32,12.07,12.07,21.36,11.29,174.82,181.14,15.00,0.29,15.20,0.20,9.31,-0.76
27210397,0.26,0.00,0.35,-0.40,12.07,12.07,21.36,11.29,174.53,181.15,15.00,0.30,15.20,0.20,9.30,-0.77
27251609,0.26,0.00,0.24,-0.36,12.07,12.07,11.70,10.99,177.03,181.25,14.98,0.32,15.20,0.19,-0.36,-1.07
27261802,0.26,0.00,0.24,-0.35,12.07,12.07,11.70,10.99,177.03,181.26,14.98,0.32,15.20,0.19,-0.36,-1.07
27272058,0.26,0.00,0.24,-0.27,12.07,12.07,11.70,10.84,177.04,181.31,14.98,0.32,15.20,0.19,-0.36,-1.22
27282289,0.26,0.00,0.25,-0.27,12.07,12.07,11.97,10.84,176.95,181.32,14.98,0.32,15.20,0.19,-0.09,-1.22
27323306,0.27,0.00,0.41,-0.33,12.36,12.36,26.49,11.52,174.76,185.64,14.95,0.38,15.20,0.19,14.24,-0.72
27333714,0.27,0.00,0.36,-0.13,12.36,12.36,22.32,11.52,175.98,185.65,14.94,0.39,15.20,0.19,10.01,-0.79
27343920,0.27,0.00,0.36,-0.26,12.36,12.36,22.32,11.52,175.64,185.66,14.93,0.40,15.20,0.19,9.98,-0.82
27354114,0.27,0.00,0.36,-0.34,12.36,12.36,22.32,11.52,175.29,185.67,14.93,0.41,15.20,0.19,9.97,-0.83
27405467,0.27,0.00,0.25,-0.12,12.62,12.62,11.98,11.44,183.29,189.80,14.92,0.42,15.21,0.19,-0.54,-1.08
27415944,0.27,0.00,0.25,-0.26,12.62,12.62,11.85,11.82,183.36,189.74,14.92,0.42,15.21,0.19,-0.74,-0.76
27426152,0.27,0.00,0.25,-0.24,12.62,12.62,11.85,11.82,183.37,189.75,14.92,0.42,15.21,0.18,-0.76,-0.78
27436361,0.27,0.00,0.25,-0.28,12.62,12.62,11.85,11.82,183.38,189.76,14.92,0.42,15.21,0.18,-0.77,-0.79
27477641,0.27,0.00,0.25,-0.11,12.62,12.62,11.76,11.58,183.46,189.86,14.92,0.42,15.21,0.18,-0.86,-1.04
27487991,0.28,0.00,0.25,-0.23,12.87,12.87,11.76,11.58,187.16,193.63,14.92,0.41,15.21,0.18,-1.02,-1.20
27498596,0.28,0.00,0.27,-0.26,12.87,12.87,12.70,12.22,187.17,193.52,14.92,0.41,15.21,0.18,-1.07,-0.62
27508802,0.28,0.00,0.27,-0.29,12.87,12.87,12.70,12.22,186.79,193.53,14.92,0.41,15.21,0.18,-0.16,-0.64
27541339,0.28,0.00,0.26,-0.25,12.87,12.87,12.55,11.90,186.80,193.62,14.92,0.41,15.21,0.18,-0.17,-0.97
27551561,0.28,0.00,0.26,-0.04,12.87,12.87,12.55,11.90,186.86,193.63,14.92,0.41,15.21,0.18,-0.32,-0.97
27561772,0.28,0.00,0.26,0.02,12.87,12.87,12.55,11.90,186.86,193.65,14.92,0.41,15.21,0.18,-0.32,-0.97
27571957,0.28,0.00,0.26,-0.17,12.87,12.87,12.55,11.90,186.87,193.66,14.92,0.41,15.21,0.18,-0.32,-0.97
27623364,0.28,0.00,0.27,-0.18,13.09,13.09,12.80,12.41,186.74,193.63,14.92,0.41,15.21,0.18,-0.07,-0.55
27633769,0.28,0.00,0.27,-0.13,13.09,13.09,12.80,12.41,190.05,196.99,14.92,0.41,15.21,0.18,-0.21,-0.60
27643983,0.28,0.00,0.27,-0.15,13.09,13.09,12.80,12.41,190.05,197.00,14.92,0.41,15.21,0.17,-0.26,-0.65
27654172,0.28,0.00,0.27,-0.10,13.09,13.09,12.80,12.41,190.05,197.01,14.92,0.41,15.22,0.17,-0.28,-0.67
27685116,0.28,0.00,0.28,-0.16,13.09,13.09,13.25,12.72,189.86,196.98,14.92,0.41,15.22,0.17,0.16,-0.37
27695342,0.29,0.00,0.28,-0.08,13.29,13.29,13.25,12.72,192.83,200.01,14.92,0.41,15.22,0.17,0.03,-0.49
27705924,0.29,0.00,0.28,-0.02,13.29,13.29,13.05,12.72,192.91,200.02,14.92,0.41,15.22,0.17,-0.21,-0.54
27716155,0.29,0.00,0.28,-0.13,13.29,13.29,13.05,12.55,192.91,200.06,14.92,0.41,15.22,0.17,-0.23,-0.73
27767474,0.29,0.00,0.28,-0.03,13.29,13.29,12.88,12.97,193.01,200.03,14.92,0.41,15.22,0.17,-0.41,-0.32
27777687,0.29,0.00,0.28,-0.04,13.29,13.29,12.88,12.97,193.02,200.03,14.92,0.41,15.22,0.17,-0.41,-0.32
27788047,0.29,0.00,0.28,-0.19,13.29,13.29,13.22,12.77,192.88,200.04,14.92,0.41,15.22,0.17,-0.07,-0.32
27798249,0.29,0.00,0.28,-0.26,13.29,13.29,13.22,12.77,192.88,200.08,14.92,0.41,15.22,0.17,-0.07,-0.52
27849701,0.29,0.00,0.28,0.04,13.47,13.47,13.16,12.90,195.54,202.77,14.92,0.41,15.22,0.17,-0.24,-0.50
27860067,0.29,0.00,0.28,0.01,13.47,13.47,13.16,12.90,195.54,202.78,14.92,0.41,15.22,0.17,-0.28,-0.54
27870507,0.29,0.00,0.28,-0.04,13.47,13.47,12.86,13.12,195.68,202.75,14.92,0.41,15.22,0.17,-0.60,-0.34
27880706,0.29,0.00,0.28,0.13,13.47,13.47,12.86,13.12,195.69,202.75,14.93,0.41,15.22,0.17,-0.60,-0.34
27911411,0.29,0.00,0.28,-0.22,13.47,13.47,13.31,13.03,195.52,202.79,14.93,0.41,15.22,0.17,-0.16,-0.43
27921772,0.29,0.00,0.28,-0.26,13.61,13.61,13.31,13.03,197.73,205.04,14.93,0.41,15.22,0.17,-0.25,-0.53
27931982,0.29,0.00,0.28,-0.07,13.61,13.61,13.31,13.03,197.74,205.05,14.93,0.41,15.22,0.17,-0.28,-0.56
27942264,0.29,0.00,0.28,-0.08,13.61,13.61,13.02,13.03,197.74,205.06,14.93,0.41,15.22,0.17,-0.30,-0.57
27993710,0.30,0.00,0.30,0.01,13.73,13.73,13.56,14.05,199.49,206.77,14.93,0.41,15.22,0.16,-0.13,0.36
28004055,0.30,0.00,0.30,-0.00,13.73,13.73,13.56,14.05,199.49,206.76,14.93,0.41,15.22,0.16,-0.16,0.33
28014266,0.30,0.00,0.30,-0.18,13.73,13.73,13.56,14.05,199.50,206.75,14.93,0.41,15.22,0.17,-0.17,0.32
28024665,0.30,0.00,0.30,-0.29,13.73,13.73,13.76,14.05,199.42,206.75,14.93,0.41,15.22,0.17,0.02,0.32
28065934,0.30,0.00,0.29,0.20,13.73,13.73,13.24,13.40,199.63,206.92,14.93,0.41,15.22,0.16,-0.49,-0.52
28076321,0.30,0.00,0.29,0.10,13.83,13.83,13.24,13.40,201.04,208.32,14.93,0.41,15.22,0.16,-0.55,-0.39
28086550,0.30,0.00,0.29,-0.07,13.83,13.83,13.24,13.40,201.05,208.33,14.93,0.41,15.22,0.16,-0.57,-0.42
28096810,0.30,0.00,0.29,-0.16,13.83,13.83,13.44,13.40,201.06,208.33,14.93,0.41,15.22,0.16,-0.58,-0.42
28137973,0.30,0.00,0.30,-0.23,13.83,13.83,14.04,13.55,200.75,208.33,14.93,0.41,15.22,0.16,0.22,-0.28
28148313,0.30,0.00,0.30,-0.20,13.83,13.83,14.04,13.61,200.74,208.32,14.93,0.41,15.22,0.16,0.22,-0.22
28158539,0.30,0.00,0.30,0.09,13.83,13.83,14.04,13.61,200.74,208.33,14.93,0.41,15.22,0.16,0.22,-0.22
28168736,0.30,0.00,0.30,0.11,13.83,13.83,14.04,13.61,200.73,208.33,14.93,0.41,15.22,0.16,0.22,-0.22
28209836,0.30,0.00,0.30,0.20,13.83,13.83,13.94,14.32,200.77,208.19,14.93,0.41,15.22,0.16,0.11,0.49
28220319,0.30,0.00,0.29,0.07,13.90,13.90,13.27,13.88,202.07,209.29,14.93,0.41,15.22,0.16,-0.60,0.01
28230555,0.30,0.00,0.29,2.28,13.90,13.90,13.27,13.88,202.08,209.29,14.93,0.41,15.22,0.16,-0.61,-0.01
28240764,0.30,0.00,0.29,4.10,13.90,13.90,13.27,13.88,202.09,209.29,14.93,0.41,15.22,0.16,-0.62,-0.01
28271658,0.30,0.00,0.25,1.56,13.90,13.90,10.29,13.04,203.36,209.46,14.93,0.40,15.22,0.16,-3.60,-0.86
28282049,0.30,0.00,0.25,1.46,13.94,13.94,10.29,13.04,204.04,210.12,14.93,0.40,15.23,0.16,-3.63,-0.89
28292425,0.30,0.00,0.25,2.42,13.94,13.94,10.29,13.04,204.09,210.14,14.94,0.40,15.23,0.16,-3.64,-0.90
28302748,0.30,0.00,0.25,1.94,13.94,13.94,10.29,13.17,204.14,210.13,14.94,0.40,15.23,0.16,-3.64,-0.77
28354089,0.30,0.00,0.23,2.01,13.94,13.94,9.86,11.17,204.56,210.53,14.95,0.39,15.23,0.16,-4.08,-2.77
28364282,0.30,0.00,0.23,1.60,13.94,13.94,9.86,11.17,204.61,210.57,14.95,0.38,15.23,0.15,-4.08,-2.77
28374536,0.30,0.00,0.22,1.18,13.94,13.94,9.18,11.17,204.93,210.61,14.95,0.38,15.23,0.15,-4.76,-2.77
28384736,0.30,0.00,0.22,1.64,13.94,13.94,9.18,11.17,204.98,210.65,14.96,0.38,15.23,0.15,-4.76,-2.77
28436026,0.30,0.00,0.22,0.88,13.95,13.95,9.46,10.83,205.42,211.12,14.97,0.37,15.24,0.14,-4.49,-3.12
28446600,0.30,0.00,0.21,1.29,13.95,13.95,9.46,10.13,205.48,211.27,14.98,0.37,15.24,0.14,-4.49,-3.82
28456826,0.30,0.00,0.21,1.72,13.95,13.95,9.46,10.13,205.53,211.32,14.98,0.37,15.25,0.14,-4.49,-3.82
