time_us,pwm,w
0.00001,0,0.00000
0.00050,0,0.00000
0.00100,0,0.00000
0.00150,0,0.00000
0.00200,0,0.00000
0.00250,0,0.00000
0.00300,0,0.00000
0.00350,0,0.00000
0.00400,0,0.00000
0.00450,0,0.00000
0.00500,0,0.00000
0.00550,0,0.00000
0.00600,0,0.00000
0.00650,0,0.00000
0.00700,0,0.00000
0.00750,0,0.00000
0.00800,0,0.00000
0.00850,0,0.00000
0.00900,0,0.00000
0.00950,0,0.00000
0.01000,0,0.00000
0.01050,0,0.00000
0.01100,0,0.00000
0.01150,0,0.00000
0.01200,0,0.00000
0.01250,0,0.00000
0.01300,0,0.00000
0.01350,0,0.00000
0.01400,0,0.00000
0.01450,0,0.00000
0.01500,0,0.00000
0.01550,0,0.00000
0.01600,0,0.00000
0.01650,0,0.00000
0.01700,0,0.00000
0.01750,0,0.00000
0.01800,0,0.00000
0.01850,0,0.00000
0.01900,0,0.00000
0.01950,0,0.00000
0.02000,0,0.00000
0.02050,0,0.00000
0.02100,0,0.00000
0.02150,0,0.00000
0.02200,0,0.00000
0.02250,0,0.00000
0.02300,0,0.00000
0.02350,0,0.00000
0.02400,0,0.00000
0.02450,0,0.00000
0.02500,0,0.00000
0.02550,0,0.00000
0.02600,0,0.00000
0.02650,0,0.00000
0.02700,0,0.00000
0.02750,0,0.00000
0.02800,0,0.00000
0.02850,0,0.00000
0.02900,0,0.00000
0.02950,0,0.00000
0.03000,0,0.00000
0.03050,0,0.00000
0.03100,0,0.00000
0.03150,0,0.00000
0.03200,0,0.00000
0.03250,0,0.00000
0.03300,0,0.00000
0.03350,0,0.00000
0.03400,0,0.00000
0.03450,0,0.00000
0.03500,0,0.00000
0.03550,0,0.00000
0.03600,0,0.00000
0.03650,0,0.00000
0.03700,0,0.00000
0.03750,0,0.00000
0.03800,0,0.00000
0.03850,0,0.00000
0.03900,0,0.00000
0.03950,0,0.00000
0.04000,0,0.00000
0.04050,0,0.00000
0.04100,0,0.00000
0.04150,0,0.00000
0.04200,0,0.00000
0.04250,0,0.00000
0.04300,0,0.00000
0.04350,0,0.00000
0.04400,0,0.00000
0.04450,0,0.00000
0.04500,0,0.00000
0.04550,0,0.00000
0.04600,0,0.00000
0.04650,0,0.00000
0.04700,0,0.00000
0.04750,0,0.00000
0.04800,0,0.00000
0.04850,0,0.00000
0.04900,0,0.00000
0.04950,0,0.00000
0.05000,0,0.00000
0.05050,0,0.00000
0.05100,0,0.00000
0.05150,0,0.00000
0.05200,0,0.00000
0.05250,0,0.00000
0.05300,0,0.00000
0.05350,0,0.00000
0.05400,0,0.00000
0.05450,0,0.00000
0.05500,0,0.00000
0.05550,0,0.00000
0.05600,0,0.00000
0.05650,0,0.00000
0.05700,0,0.00000
0.05750,0,0.00000
0.05800,0,0.00000
0.05850,0,0.00000
0.05900,0,0.00000
0.05950,0,0.00000
0.06000,0,0.00000
0.06050,0,0.00000
0.06100,0,0.00000
0.06150,0,0.00000
0.06200,0,0.00000
0.06250,0,0.00000
0.06300,0,0.00000
0.06350,0,0.00000
0.06400,0,0.00000
0.06450,0,0.00000
0.06500,0,0.00000
0.06550,0,0.00000
0.06600,0,0.00000
0.06650,0,0.00000
0.06700,0,0.00000
0.06750,0,0.00000
0.06800,0,0.00000
0.06850,0,0.00000
0.06900,0,0.00000
0.06950,0,0.00000
0.07000,0,0.00000
0.07050,0,0.00000
0.07100,0,0.00000
0.07150,0,0.00000
0.07200,0,0.00000
0.07250,0,0.00000
0.07300,0,0.00000
0.07350,0,0.00000
0.07400,0,0.00000
0.07450,0,0.00000
0.07500,0,0.00000
0.07550,0,0.00000
0.07600,0,0.00000
0.07650,0,0.00000
0.07700,0,0.00000
0.07750,0,0.00000
0.07800,0,0.00000
0.07850,0,0.00000
0.07900,0,0.00000
0.07950,0,0.00000
0.08000,0,0.00000
0.08050,0,0.00000
0.08100,0,0.00000
0.08150,0,0.00000
0.08200,0,0.00000
0.08250,0,0.00000
0.08300,0,0.00000
0.08350,0,0.00000
0.08400,0,0.00000
0.08450,0,0.00000
0.08500,0,0.00000
0.08550,0,0.00000
0.08600,0,0.00000
0.08650,0,0.00000
0.08700,0,0.00000
0.08750,0,0.00000
0.08800,0,0.00000
0.08850,0,0.00000
0.08900,0,0.00000
0.08950,0,0.00000
0.09000,0,0.00000
0.09050,0,0.00000
0.09100,0,0.00000
0.09150,0,0.00000
0.09200,0,0.00000
0.09250,0,0.00000
0.09300,0,0.00000
0.09350,0,0.00000
0.09400,0,0.00000
0.09450,0,0.00000
0.09500,0,0.00000
0.09550,0,0.00000
0.09600,0,0.00000
0.09650,0,0.00000
0.09700,0,0.00000
0.09750,0,0.00000
0.09800,0,0.00000
0.09850,0,0.00000
0.09900,0,0.00000
0.09950,0,0.00000
0.10000,0,0.00000
0.10050,0,0.00000
0.10100,0,0.00000
0.10150,0,0.00000
0.10200,0,0.00000
0.10250,0,0.00000
0.10300,0,0.00000
0.10350,0,0.00000
0.10400,0,0.00000
0.10450,0,0.00000
0.10500,0,0.00000
0.10550,0,0.00000
0.10600,0,0.00000
0.10650,0,0.00000
0.10700,0,0.00000
0.10750,0,0.00000
0.10800,0,0.00000
0.10850,0,0.00000
0.10900,0,0.00000
0.10950,0,0.00000
0.11000,0,0.00000
0.11050,0,0.00000
0.11100,0,0.00000
0.11150,0,0.00000
0.11200,0,0.00000
0.11250,0,0.00000
0.11300,0,0.00000
0.11350,0,0.00000
0.11400,0,0.00000
0.11450,0,0.00000
0.11500,0,0.00000
0.11550,0,0.00000
0.11600,0,0.00000
0.11650,0,0.00000
0.11700,0,0.00000
0.11750,0,0.00000
0.11800,0,0.00000
0.11850,0,0.00000
0.11900,0,0.00000
0.11950,0,0.00000
0.12000,0,0.00000
0.12050,0,0.00000
0.12100,0,0.00000
0.12150,0,0.00000
0.12200,0,0.00000
0.12250,0,0.00000
0.12300,0,0.00000
0.12350,0,0.00000
0.12400,0,0.00000
0.12450,0,0.00000
0.12500,0,0.00000
0.12550,0,0.00000
0.12600,0,0.00000
0.12650,0,0.00000
0.12700,0,0.00000
0.12750,0,0.00000
0.12800,0,0.00000
0.12850,0,0.00000
0.12900,0,0.00000
0.12950,0,0.00000
0.13000,0,0.00000
0.13050,0,0.00000
0.13100,0,0.00000
0.13150,0,0.00000
0.13200,0,0.00000
0.13250,0,0.00000
0.13300,0,0.00000
0.13350,0,0.00000
0.13400,0,0.00000
0.13450,0,0.00000
0.13500,0,0.00000
0.13550,0,0.00000
0.13600,0,0.00000
0.13650,0,0.00000
0.13700,0,0.00000
0.13750,0,0.00000
0.13800,0,0.00000
0.13850,0,0.00000
0.13900,0,0.00000
0.13950,0,0.00000
0.14000,0,0.00000
0.14050,0,0.00000
0.14100,0,0.00000
0.14150,0,0.00000
0.14200,0,0.00000
0.14250,0,0.00000
0.14300,0,0.00000
0.14350,0,0.00000
0.14400,0,0.00000
0.14450,0,0.00000
0.14500,0,0.00000
0.14550,0,0.00000
0.14600,0,0.00000
0.14650,0,0.00000
0.14700,0,0.00000
0.14750,0,0.00000
0.14800,0,0.00000
0.14850,0,0.00000
0.14900,0,0.00000
0.14950,0,0.00000
0.15000,0,0.00000
0.15050,0,0.00000
0.15100,0,0.00000
0.15150,0,0.00000
0.15200,0,0.00000
0.15250,0,0.00000
0.15300,0,0.00000
0.15350,0,0.00000
0.15400,0,0.00000
0.15450,0,0.00000
0.15500,0,0.00000
0.15550,0,0.00000
0.15600,0,0.00000
0.15650,0,0.00000
0.15700,0,0.00000
0.15750,0,0.00000
0.15800,0,0.00000
0.15850,0,0.00000
0.15900,0,0.00000
0.15950,0,0.00000
0.16000,0,0.00000
0.16050,0,0.00000
0.16100,0,0.00000
0.16150,0,0.00000
0.16200,0,0.00000
0.16250,0,0.00000
0.16300,0,0.00000
0.16350,0,0.00000
0.16400,0,0.00000
0.16450,0,0.00000
0.16500,0,0.00000
0.16550,0,0.00000
0.16600,0,0.00000
0.16650,0,0.00000
0.16700,0,0.00000
0.16750,0,0.00000
0.16800,0,0.00000
0.16850,0,0.00000
0.16900,0,0.00000
0.16950,0,0.00000
0.17000,0,0.00000
0.17050,0,0.00000
0.17100,0,0.00000
0.17150,0,0.00000
0.17200,0,0.00000
0.17250,0,0.00000
0.17300,0,0.00000
0.17350,0,0.00000
0.17400,0,0.00000
0.17450,0,0.00000
0.17500,0,0.00000
0.17550,0,0.00000
0.17600,0,0.00000
0.17650,0,0.00000
0.17700,0,0.00000
0.17750,0,0.00000
0.17800,0,0.00000
0.17850,0,0.00000
0.17900,0,0.00000
0.17950,0,0.00000
0.18000,0,0.00000
0.18050,0,0.00000
0.18100,0,0.00000
0.18150,0,0.00000
0.18200,0,0.00000
0.18250,0,0.00000
0.18300,0,0.00000
0.18350,0,0.00000
0.18400,0,0.00000
0.18450,0,0.00000
0.18500,0,0.00000
0.18550,0,0.00000
0.18600,0,0.00000
0.18650,0,0.00000
0.18700,0,0.00000
0.18750,0,0.00000
0.18800,0,0.00000
0.18850,0,0.00000
0.18900,0,0.00000
0.18950,0,0.00000
0.19000,0,0.00000
0.19050,0,0.00000
0.19100,0,0.00000
0.19150,0,0.00000
0.19200,0,0.00000
0.19250,0,0.00000
0.19300,0,0.00000
0.19350,0,0.00000
0.19400,0,0.00000
0.19450,0,0.00000
0.19500,0,0.00000
0.19550,0,0.00000
0.19600,0,0.00000
0.19650,0,0.00000
0.19700,0,0.00000
0.19750,0,0.00000
0.19800,0,0.00000
0.19850,0,0.00000
0.19900,0,0.00000
0.19950,0,0.00000
0.20000,0,0.00000
0.20050,0,0.00000
0.20100,0,0.00000
0.20150,0,0.00000
0.20200,0,0.00000
0.20250,0,0.00000
0.20300,0,0.00000
0.20350,0,0.00000
0.20400,0,0.00000
0.20450,0,0.00000
0.20500,0,0.00000
0.20550,0,0.00000
0.20600,0,0.00000
0.20650,0,0.00000
0.20700,0,0.00000
0.20750,0,0.00000
0.20800,0,0.00000
0.20850,0,0.00000
0.20900,0,0.00000
0.20950,0,0.00000
0.21000,0,0.00000
0.21050,0,0.00000
0.21100,0,0.00000
0.21150,0,0.00000
0.21200,0,0.00000
0.21250,0,0.00000
0.21300,0,0.00000
0.21350,0,0.00000
0.21400,0,0.00000
0.21450,0,0.00000
0.21500,0,0.00000
0.21550,0,0.00000
0.21600,0,0.00000
0.21650,0,0.00000
0.21700,0,0.00000
0.21750,0,0.00000
0.21800,0,0.00000
0.21850,0,0.00000
0.21900,0,0.00000
0.21950,0,0.00000
0.22000,0,0.00000
0.22050,0,0.00000
0.22100,0,0.00000
0.22150,0,0.00000
0.22200,0,0.00000
0.22250,0,0.00000
0.22300,0,0.00000
0.22350,0,0.00000
0.22400,0,0.00000
0.22450,0,0.00000
0.22500,0,0.00000
0.22550,0,0.00000
0.22600,0,0.00000
0.22650,0,0.00000
0.22700,0,0.00000
0.22750,0,0.00000
0.22800,0,0.00000
0.22850,0,0.00000
0.22900,0,0.00000
0.22950,0,0.00000
0.23000,0,0.00000
0.23050,0,0.00000
0.23100,0,0.00000
0.23150,0,0.00000
0.23200,0,0.00000
0.23250,0,0.00000
0.23300,0,0.00000
0.23350,0,0.00000
0.23400,0,0.00000
0.23450,0,0.00000
0.23500,0,0.00000
0.23550,0,0.00000
0.23600,0,0.00000
0.23650,0,0.00000
0.23700,0,0.00000
0.23750,0,0.00000
0.23800,0,0.00000
0.23850,0,0.00000
0.23900,0,0.00000
0.23950,0,0.00000
0.24000,0,0.00000
0.24050,0,0.00000
0.24100,0,0.00000
0.24150,0,0.00000
0.24200,0,0.00000
0.24250,0,0.00000
0.24300,0,0.00000
0.24350,0,0.00000
0.24400,0,0.00000
0.24450,0,0.00000
0.24500,0,0.00000
0.24550,0,0.00000
0.24600,0,0.00000
0.24650,0,0.00000
0.24700,0,0.00000
0.24750,0,0.00000
0.24800,0,0.00000
0.24850,0,0.00000
0.24900,0,0.00000
0.24950,0,0.00000
0.25000,0,0.00000
0.25050,0,0.00000
0.25100,0,0.00000
0.25150,0,0.00000
0.25200,0,0.00000
0.25250,0,0.00000
0.25300,0,0.00000
0.25350,0,0.00000
0.25400,0,0.00000
0.25450,0,0.00000
0.25500,0,0.00000
0.25550,0,0.00000
0.25600,0,0.00000
0.25650,0,0.00000
0.25700,0,0.00000
0.25750,0,0.00000
0.25800,0,0.00000
0.25850,0,0.00000
0.25900,0,0.00000
0.25950,0,0.00000
0.26000,0,0.00000
0.26050,0,0.00000
0.26100,0,0.00000
0.26150,0,0.00000
0.26200,0,0.00000
0.26250,0,0.00000
0.26300,0,0.00000
0.26350,0,0.00000
0.26400,0,0.00000
0.26450,0,0.00000
0.26500,0,0.00000
0.26550,0,0.00000
0.26600,0,0.00000
0.26650,0,0.00000
0.26700,0,0.00000
0.26750,0,0.00000
0.26800,0,0.00000
0.26850,0,0.00000
0.26900,0,0.00000
0.26950,0,0.00000
0.27000,0,0.00000
0.27050,0,0.00000
0.27100,0,0.00000
0.27150,0,0.00000
0.27200,0,0.00000
0.27250,0,0.00000
0.27300,0,0.00000
0.27350,0,0.00000
0.27400,0,0.00000
0.27450,0,0.00000
0.27500,0,0.00000
0.27550,0,0.00000
0.27600,0,0.00000
0.27650,0,0.00000
0.27700,0,0.00000
0.27750,0,0.00000
0.27800,0,0.00000
0.27850,0,0.00000
0.27900,0,0.00000
0.27950,0,0.00000
0.28000,0,0.00000
0.28050,0,0.00000
0.28100,0,0.00000
0.28150,0,0.00000
0.28200,0,0.00000
0.28250,0,0.00000
0.28300,0,0.00000
0.28350,0,0.00000
0.28400,0,0.00000
0.28450,0,0.00000
0.28500,0,0.00000
0.28550,0,0.00000
0.28600,0,0.00000
0.28650,0,0.00000
0.28700,0,0.00000
0.28750,0,0.00000
0.28800,0,0.00000
0.28850,0,0.00000
0.28900,0,0.00000
0.28950,0,0.00000
0.29000,0,0.00000
0.29050,0,0.00000
0.29100,0,0.00000
0.29150,0,0.00000
0.29200,0,0.00000
0.29250,0,0.00000
0.29300,0,0.00000
0.29350,0,0.00000
0.29400,0,0.00000
0.29450,0,0.00000
0.29500,0,0.00000
0.29550,0,0.00000
0.29600,0,0.00000
0.29650,0,0.00000
0.29700,0,0.00000
0.29750,0,0.00000
0.29800,0,0.00000
0.29850,0,0.00000
0.29900,0,0.00000
0.29950,0,0.00000
0.30000,0,0.00000
0.30050,0,0.00000
0.30100,0,0.00000
0.30150,0,0.00000
0.30200,0,0.00000
0.30250,0,0.00000
0.30300,0,0.00000
0.30350,0,0.00000
0.30400,0,0.00000
0.30450,0,0.00000
0.30500,0,0.00000
0.30550,0,0.00000
0.30600,0,0.00000
0.30650,0,0.00000
0.30700,0,0.00000
0.30750,0,0.00000
0.30800,0,0.00000
0.30850,0,0.00000
0.30900,0,0.00000
0.30950,0,0.00000
0.31000,0,0.00000
0.31050,0,0.00000
0.31100,0,0.00000
0.31150,0,0.00000
0.31200,0,0.00000
0.31250,0,0.00000
0.31300,0,0.00000
0.31350,0,0.00000
0.31400,0,0.00000
0.31450,0,0.00000
0.31500,0,0.00000
0.31550,0,0.00000
0.31600,0,0.00000
0.31650,0,0.00000
0.31700,0,0.00000
0.31750,0,0.00000
0.31800,0,0.00000
0.31850,0,0.00000
0.31900,0,0.00000
0.31950,0,0.00000
0.32000,0,0.00000
0.32050,0,0.00000
0.32100,0,0.00000
0.32150,0,0.00000
0.32200,0,0.00000
0.32250,0,0.00000
0.32300,0,0.00000
0.32350,0,0.00000
0.32400,0,0.00000
0.32450,0,0.00000
0.32500,0,0.00000
0.32550,0,0.00000
0.32600,0,0.00000
0.32650,0,0.00000
0.32700,0,0.00000
0.32750,0,0.00000
0.32800,0,0.00000
0.32850,0,0.00000
0.32900,0,0.00000
0.32950,0,0.00000
0.33000,0,0.00000
0.33050,0,0.00000
0.33100,0,0.00000
0.33150,0,0.00000
0.33200,0,0.00000
0.33250,0,0.00000
0.33300,0,0.00000
0.33350,0,0.00000
0.33400,0,0.00000
0.33450,0,0.00000
0.33500,0,0.00000
0.33550,0,0.00000
0.33600,0,0.00000
0.33650,0,0.00000
0.33700,0,0.00000
0.33750,0,0.00000
0.33800,0,0.00000
0.33850,0,0.00000
0.33900,0,0.00000
0.33950,0,0.00000
0.34000,0,0.00000
0.34050,0,0.00000
0.34100,0,0.00000
0.34150,0,0.00000
0.34200,0,0.00000
0.34250,0,0.00000
0.34300,0,0.00000
0.34350,0,0.00000
0.34400,0,0.00000
0.34450,0,0.00000
0.34500,0,0.00000
0.34550,0,0.00000
0.34600,0,0.00000
0.34650,0,0.00000
0.34700,0,0.00000
0.34750,0,0.00000
0.34800,0,0.00000
0.34850,0,0.00000
0.34900,0,0.00000
0.34950,0,0.00000
0.35000,0,0.00000
0.35050,0,0.00000
0.35100,0,0.00000
0.35150,0,0.00000
0.35200,0,0.00000
0.35250,0,0.00000
0.35300,0,0.00000
0.35350,0,0.00000
0.35400,0,0.00000
0.35450,0,0.00000
0.35500,0,0.00000
0.35550,0,0.00000
0.35600,0,0.00000
0.35650,0,0.00000
0.35700,0,0.00000
0.35750,0,0.00000
0.35800,0,0.00000
0.35850,0,0.00000
0.35900,0,0.00000
0.35950,0,0.00000
0.36000,0,0.00000
0.36050,0,0.00000
0.36100,0,0.00000
0.36150,0,0.00000
0.36200,0,0.00000
0.36250,0,0.00000
0.36300,0,0.00000
0.36350,0,0.00000
0.36400,0,0.00000
0.36450,0,0.00000
0.36500,0,0.00000
0.36550,0,0.00000
0.36600,0,0.00000
0.36650,0,0.00000
0.36700,0,0.00000
0.36750,0,0.00000
0.36800,0,0.00000
0.36850,0,0.00000
0.36900,0,0.00000
0.36950,0,0.00000
0.37000,0,0.00000
0.37050,0,0.00000
0.37100,0,0.00000
0.37150,0,0.00000
0.37200,0,0.00000
0.37250,0,0.00000
0.37300,0,0.00000
0.37350,0,0.00000
0.37400,0,0.00000
0.37450,0,0.00000
0.37500,0,0.00000
0.37550,0,0.00000
0.37600,0,0.00000
0.37650,0,0.00000
0.37700,0,0.00000
0.37750,0,0.00000
0.37800,0,0.00000
0.37850,0,0.00000
0.37900,0,0.00000
0.37950,0,0.00000
0.38000,0,0.00000
0.38050,0,0.00000
0.38100,0,0.00000
0.38150,0,0.00000
0.38200,0,0.00000
0.38250,0,0.00000
0.38300,0,0.00000
0.38350,0,0.00000
0.38400,0,0.00000
0.38450,0,0.00000
0.38500,0,0.00000
0.38550,0,0.00000
0.38600,0,0.00000
0.38650,0,0.00000
0.38700,0,0.00000
0.38750,0,0.00000
0.38800,0,0.00000
0.38850,0,0.00000
0.38900,0,0.00000
0.38950,0,0.00000
0.39000,0,0.00000
0.39050,0,0.00000
0.39100,0,0.00000
0.39150,0,0.00000
0.39200,0,0.00000
0.39250,0,0.00000
0.39300,0,0.00000
0.39350,0,0.00000
0.39400,0,0.00000
0.39450,0,0.00000
0.39500,0,0.00000
0.39550,0,0.00000
0.39600,0,0.00000
0.39650,0,0.00000
0.39700,0,0.00000
0.39750,0,0.00000
0.39800,0,0.00000
0.39850,0,0.00000
0.39900,0,0.00000
0.39950,0,0.00000
0.40000,0,0.00000
0.40050,0,0.00000
0.40100,0,0.00000
0.40150,0,0.00000
0.40200,0,0.00000
0.40250,0,0.00000
0.40300,0,0.00000
0.40350,0,0.00000
0.40400,0,0.00000
0.40450,0,0.00000
0.40500,0,0.00000
0.40550,0,0.00000
0.40600,0,0.00000
0.40650,0,0.00000
0.40700,0,0.00000
0.40750,0,0.00000
0.40800,0,0.00000
0.40850,0,0.00000
0.40900,0,0.00000
0.40950,0,0.00000
0.41000,0,0.00000
0.41050,0,0.00000
0.41100,0,0.00000
0.41150,0,0.00000
0.41200,0,0.00000
0.41250,0,0.00000
0.41300,0,0.00000
0.41350,0,0.00000
0.41400,0,0.00000
0.41450,0,0.00000
0.41500,0,0.00000
0.41550,0,0.00000
0.41600,0,0.00000
0.41650,0,0.00000
0.41700,0,0.00000
0.41750,0,0.00000
0.41800,0,0.00000
0.41850,0,0.00000
0.41900,0,0.00000
0.41950,0,0.00000
0.42000,0,0.00000
0.42050,0,0.00000
0.42100,0,0.00000
0.42150,0,0.00000
0.42200,0,0.00000
0.42250,0,0.00000
0.42300,0,0.00000
0.42350,0,0.00000
0.42400,0,0.00000
0.42450,0,0.00000
0.42500,0,0.00000
0.42550,0,0.00000
0.42600,0,0.00000
0.42650,0,0.00000
0.42700,0,0.00000
0.42750,0,0.00000
0.42800,0,0.00000
0.42850,0,0.00000
0.42900,0,0.00000
0.42950,0,0.00000
0.43000,0,0.00000
0.43050,0,0.00000
0.43100,0,0.00000
0.43150,0,0.00000
0.43200,0,0.00000
0.43250,0,0.00000
0.43300,0,0.00000
0.43350,0,0.00000
0.43400,0,0.00000
0.43450,0,0.00000
0.43500,0,0.00000
0.43550,0,0.00000
0.43600,0,0.00000
0.43650,0,0.00000
0.43700,0,0.00000
0.43750,0,0.00000
0.43800,0,0.00000
0.43850,0,0.00000
0.43900,0,0.00000
0.43950,0,0.00000
0.44000,0,0.00000
0.44050,0,0.00000
0.44100,0,0.00000
0.44150,0,0.00000
0.44200,0,0.00000
0.44250,0,0.00000
0.44300,0,0.00000
0.44350,0,0.00000
0.44400,0,0.00000
0.44450,0,0.00000
0.44500,0,0.00000
0.44550,0,0.00000
0.44600,0,0.00000
0.44650,0,0.00000
0.44700,0,0.00000
0.44750,0,0.00000
0.44800,0,0.00000
0.44850,0,0.00000
0.44900,0,0.00000
0.44950,0,0.00000
0.45000,0,0.00000
0.45050,0,0.00000
0.45100,0,0.00000
0.45150,0,0.00000
0.45200,0,0.00000
0.45250,0,0.00000
0.45300,0,0.00000
0.45350,0,0.00000
0.45400,0,0.00000
0.45450,0,0.00000
0.45500,0,0.00000
0.45550,0,0.00000
0.45600,0,0.00000
0.45650,0,0.00000
0.45700,0,0.00000
0.45750,0,0.00000
0.45800,0,0.00000
0.45850,0,0.00000
0.45900,0,0.00000
0.45950,0,0.00000
0.46000,0,0.00000
0.46050,0,0.00000
0.46100,0,0.00000
0.46150,0,0.00000
0.46200,0,0.00000
0.46250,0,0.00000
0.46300,0,0.00000
0.46350,0,0.00000
0.46400,0,0.00000
0.46450,0,0.00000
0.46500,0,0.00000
0.46550,0,0.00000
0.46600,0,0.00000
0.46650,0,0.00000
0.46700,0,0.00000
0.46750,0,0.00000
0.46800,0,0.00000
0.46850,0,0.00000
0.46900,0,0.00000
0.46950,0,0.00000
0.47000,0,0.00000
0.47050,0,0.00000
0.47100,0,0.00000
0.47150,0,0.00000
0.47200,0,0.00000
0.47250,0,0.00000
0.47300,0,0.00000
0.47350,0,0.00000
0.47400,0,0.00000
0.47450,0,0.00000
0.47500,0,0.00000
0.47550,0,0.00000
0.47600,0,0.00000
0.47650,0,0.00000
0.47700,0,0.00000
0.47750,0,0.00000
0.47800,0,0.00000
0.47850,0,0.00000
0.47900,0,0.00000
0.47950,0,0.00000
0.48000,0,0.00000
0.48050,0,0.00000
0.48100,0,0.00000
0.48150,0,0.00000
0.48200,0,0.00000
0.48250,0,0.00000
0.48300,0,0.00000
0.48350,0,0.00000
0.48400,0,0.00000
0.48450,0,0.00000
0.48500,0,0.00000
0.48550,0,0.00000
0.48600,0,0.00000
0.48650,0,0.00000
0.48700,0,0.00000
0.48750,0,0.00000
0.48800,0,0.00000
0.48850,0,0.00000
0.48900,0,0.00000
0.48950,0,0.00000
0.49000,0,0.00000
0.49050,0,0.00000
0.49100,0,0.00000
0.49150,0,0.00000
0.49200,0,0.00000
0.49250,0,0.00000
0.49300,0,0.00000
0.49350,0,0.00000
0.49400,0,0.00000
0.49450,0,0.00000
0.49500,0,0.00000
0.49550,0,0.00000
0.49600,0,0.00000
0.49650,0,0.00000
0.49700,0,0.00000
0.49750,0,0.00000
0.49800,0,0.00000
0.49850,0,0.00000
0.49900,0,0.00000
0.49950,0,0.00000
0.50000,0,0.00000
0.50050,0,0.00000
0.50100,0,0.00000
0.50150,0,0.00000
0.50200,0,0.00000
0.50250,0,0.00000
0.50300,0,0.00000
0.50350,0,0.00000
0.50400,0,0.00000
0.50450,0,0.00000
0.50500,0,0.00000
0.50550,0,0.00000
0.50600,0,0.00000
0.50650,0,0.00000
0.50700,0,0.00000
0.50750,0,0.00000
0.50800,0,0.00000
0.50850,0,0.00000
0.50900,0,0.00000
0.50950,0,0.00000
0.51000,0,0.00000
0.51050,0,0.00000
0.51100,0,0.00000
0.51150,0,0.00000
0.51200,0,0.00000
0.51250,0,0.00000
0.51300,0,0.00000
0.51350,0,0.00000
0.51400,0,0.00000
0.51450,0,0.00000
0.51500,0,0.00000
0.51550,0,0.00000
0.51600,0,0.00000
0.51650,0,0.00000
0.51700,0,0.00000
0.51750,0,0.00000
0.51800,0,0.00000
0.51850,0,0.00000
0.51900,0,0.00000
0.51950,0,0.00000
0.52000,0,0.00000
0.52050,0,0.00000
0.52100,0,0.00000
0.52150,0,0.00000
0.52200,0,0.00000
0.52250,0,0.00000
0.52300,0,0.00000
0.52350,0,0.00000
0.52400,0,0.00000
0.52450,0,0.00000
0.52500,0,0.00000
0.52550,0,0.00000
0.52600,0,0.00000
0.52650,0,0.00000
0.52700,0,0.00000
0.52750,0,0.00000
0.52800,0,0.00000
0.52850,0,0.00000
0.52900,0,0.00000
0.52950,0,0.00000
0.53000,0,0.00000
0.53050,0,0.00000
0.53100,0,0.00000
0.53150,0,0.00000
0.53200,0,0.00000
0.53250,0,0.00000
0.53300,0,0.00000
0.53350,0,0.00000
0.53400,0,0.00000
0.53450,0,0.00000
0.53500,0,0.00000
0.53550,0,0.00000
0.53600,0,0.00000
0.53650,0,0.00000
0.53700,0,0.00000
0.53750,0,0.00000
0.53800,0,0.00000
0.53850,0,0.00000
0.53900,0,0.00000
0.53950,0,0.00000
0.54000,0,0.00000
0.54050,0,0.00000
0.54100,0,0.00000
0.54150,0,0.00000
0.54200,0,0.00000
0.54250,0,0.00000
0.54300,0,0.00000
0.54350,0,0.00000
0.54400,0,0.00000
0.54450,0,0.00000
0.54500,0,0.00000
0.54550,0,0.00000
0.54600,0,0.00000
0.54650,0,0.00000
0.54700,0,0.00000
0.54750,0,0.00000
0.54800,0,0.00000
0.54850,0,0.00000
0.54900,0,0.00000
0.54950,0,0.00000
0.55000,0,0.00000
0.55050,0,0.00000
0.55100,0,0.00000
0.55150,0,0.00000
0.55200,0,0.00000
0.55250,0,0.00000
0.55300,0,0.00000
0.55350,0,0.00000
0.55400,0,0.00000
0.55450,0,0.00000
0.55500,0,0.00000
0.55550,0,0.00000
0.55600,0,0.00000
0.55650,0,0.00000
0.55700,0,0.00000
0.55750,0,0.00000
0.55800,0,0.00000
0.55850,0,0.00000
0.55900,0,0.00000
0.55950,0,0.00000
0.56000,0,0.00000
0.56050,0,0.00000
0.56100,0,0.00000
0.56150,0,0.00000
0.56200,0,0.00000
0.56250,0,0.00000
0.56300,0,0.00000
0.56350,0,0.00000
0.56400,0,0.00000
0.56450,0,0.00000
0.56500,0,0.00000
0.56550,0,0.00000
0.56600,0,0.00000
0.56650,0,0.00000
0.56700,0,0.00000
0.56750,0,0.00000
0.56800,0,0.00000
0.56850,0,0.00000
0.56900,0,0.00000
0.56950,0,0.00000
0.57000,0,0.00000
0.57050,0,0.00000
0.57100,0,0.00000
0.57150,0,0.00000
0.57200,0,0.00000
0.57250,0,0.00000
0.57300,0,0.00000
0.57350,0,0.00000
0.57400,0,0.00000
0.57450,0,0.00000
0.57500,0,0.00000
0.57550,0,0.00000
0.57600,0,0.00000
0.57650,0,0.00000
0.57700,0,0.00000
0.57750,0,0.00000
0.57800,0,0.00000
0.57850,0,0.00000
0.57900,0,0.00000
0.57950,0,0.00000
0.58000,0,0.00000
0.58050,0,0.00000
0.58100,0,0.00000
0.58150,0,0.00000
0.58200,0,0.00000
0.58250,0,0.00000
0.58300,0,0.00000
0.58350,0,0.00000
0.58400,0,0.00000
0.58450,0,0.00000
0.58500,0,0.00000
0.58550,0,0.00000
0.58600,0,0.00000
0.58650,0,0.00000
0.58700,0,0.00000
0.58750,0,0.00000
0.58800,0,0.00000
0.58850,0,0.00000
0.58900,0,0.00000
0.58950,0,0.00000
0.59000,0,0.00000
0.59050,0,0.00000
0.59100,0,0.00000
0.59150,0,0.00000
0.59200,0,0.00000
0.59250,0,0.00000
0.59300,0,0.00000
0.59350,0,0.00000
0.59400,0,0.00000
0.59450,0,0.00000
0.59500,0,0.00000
0.59550,0,0.00000
0.59600,0,0.00000
0.59650,0,0.00000
0.59700,0,0.00000
0.59750,0,0.00000
0.59800,0,0.00000
0.59850,0,0.00000
0.59900,0,0.00000
0.59950,0,0.00000
0.60000,0,0.00000
0.60050,0,0.00000
0.60100,0,0.00000
0.60150,0,0.00000
0.60200,0,0.00000
0.60250,0,0.00000
0.60300,0,0.00000
0.60350,0,0.00000
0.60400,0,0.00000
0.60450,0,0.00000
0.60500,0,0.00000
0.60550,0,0.00000
0.60600,0,0.00000
0.60650,0,0.00000
0.60700,0,0.00000
0.60750,0,0.00000
0.60800,0,0.00000
0.60850,0,0.00000
0.60900,0,0.00000
0.60950,0,0.00000
0.61000,0,0.00000
0.61050,0,0.00000
0.61100,0,0.00000
0.61150,0,0.00000
0.61200,0,0.00000
0.61250,0,0.00000
0.61300,0,0.00000
0.61350,0,0.00000
0.61400,0,0.00000
0.61450,0,0.00000
0.61500,0,0.00000
0.61550,0,0.00000
0.61600,0,0.00000
0.61650,0,0.00000
0.61700,0,0.00000
0.61750,0,0.00000
0.61800,0,0.00000
0.61850,0,0.00000
0.61900,0,0.00000
0.61950,0,0.00000
0.62000,0,0.00000
0.62050,0,0.00000
0.62100,0,0.00000
0.62150,0,0.00000
0.62200,0,0.00000
0.62250,0,0.00000
0.62300,0,0.00000
0.62350,0,0.00000
0.62400,0,0.00000
0.62450,0,0.00000
0.62500,0,0.00000
0.62550,0,0.00000
0.62600,0,0.00000
0.62650,0,0.00000
0.62700,0,0.00000
0.62750,0,0.00000
0.62800,0,0.00000
0.62850,0,0.00000
0.62900,0,0.00000
0.62950,0,0.00000
0.63000,0,0.00000
0.63050,0,0.00000
0.63100,0,0.00000
0.63150,0,0.00000
0.63200,0,0.00000
0.63250,0,0.00000
0.63300,0,0.00000
0.63350,0,0.00000
0.63400,0,0.00000
0.63450,0,0.00000
0.63500,0,0.00000
0.63550,0,0.00000
0.63600,0,0.00000
0.63650,0,0.00000
0.63700,0,0.00000
0.63750,0,0.00000
0.63800,0,0.00000
0.63850,0,0.00000
0.63900,0,0.00000
0.63950,0,0.00000
0.64000,0,0.00000
0.64050,0,0.00000
0.64100,0,0.00000
0.64150,0,0.00000
0.64200,0,0.00000
0.64250,0,0.00000
0.64300,0,0.00000
0.64350,0,0.00000
0.64400,0,0.00000
0.64450,0,0.00000
0.64500,0,0.00000
0.64550,0,0.00000
0.64600,0,0.00000
0.64650,0,0.00000
0.64700,0,0.00000
0.64750,0,0.00000
0.64800,0,0.00000
0.64850,0,0.00000
0.64900,0,0.00000
0.64950,0,0.00000
0.65000,0,0.00000
0.65050,0,0.00000
0.65100,0,0.00000
0.65150,0,0.00000
0.65200,0,0.00000
0.65250,0,0.00000
0.65300,0,0.00000
0.65350,0,0.00000
0.65400,0,0.00000
0.65450,0,0.00000
0.65500,0,0.00000
0.65550,0,0.00000
0.65600,0,0.00000
0.65650,0,0.00000
0.65700,0,0.00000
0.65750,0,0.00000
0.65800,0,0.00000
0.65850,0,0.00000
0.65900,0,0.00000
0.65950,0,0.00000
0.66000,0,0.00000
0.66050,0,0.00000
0.66100,0,0.00000
0.66150,0,0.00000
0.66200,0,0.00000
0.66250,0,0.00000
0.66300,0,0.00000
0.66350,0,0.00000
0.66400,0,0.00000
0.66450,0,0.00000
0.66500,0,0.00000
0.66550,0,0.00000
0.66600,0,0.00000
0.66650,0,0.00000
0.66700,0,0.00000
0.66750,0,0.00000
0.66800,0,0.00000
0.66850,0,0.00000
0.66900,0,0.00000
0.66950,0,0.00000
0.67000,0,0.00000
0.67050,0,0.00000
0.67100,0,0.00000
0.67150,0,0.00000
0.67200,0,0.00000
0.67250,0,0.00000
0.67300,0,0.00000
0.67350,0,0.00000
0.67400,0,0.00000
0.67450,0,0.00000
0.67500,0,0.00000
0.67550,0,0.00000
0.67600,0,0.00000
0.67650,0,0.00000
0.67700,0,0.00000
0.67750,0,0.00000
0.67800,0,0.00000
0.67850,0,0.00000
0.67900,0,0.00000
0.67950,0,0.00000
0.68000,0,0.00000
0.68050,0,0.00000
0.68100,0,0.00000
0.68150,0,0.00000
0.68200,0,0.00000
0.68250,0,0.00000
0.68300,0,0.00000
0.68350,0,0.00000
0.68400,0,0.00000
0.68450,0,0.00000
0.68500,0,0.00000
0.68550,0,0.00000
0.68600,0,0.00000
0.68650,0,0.00000
0.68700,0,0.00000
0.68750,0,0.00000
0.68800,0,0.00000
0.68850,0,0.00000
0.68900,0,0.00000
0.68950,0,0.00000
0.69000,0,0.00000
0.69050,0,0.00000
0.69100,0,0.00000
0.69150,0,0.00000
0.69200,0,0.00000
0.69250,0,0.00000
0.69300,0,0.00000
0.69350,0,0.00000
0.69400,0,0.00000
0.69450,0,0.00000
0.69500,0,0.00000
0.69550,0,0.00000
0.69600,0,0.00000
0.69650,0,0.00000
0.69700,0,0.00000
0.69750,0,0.00000
0.69800,0,0.00000
0.69850,0,0.00000
0.69900,0,0.00000
0.69950,0,0.00000
0.70000,0,0.00000
0.70050,0,0.00000
0.70100,0,0.00000
0.70150,0,0.00000
0.70200,0,0.00000
0.70250,0,0.00000
0.70300,0,0.00000
0.70350,0,0.00000
0.70400,0,0.00000
0.70450,0,0.00000
0.70500,0,0.00000
0.70550,0,0.00000
0.70600,0,0.00000
0.70650,0,0.00000
0.70700,0,0.00000
0.70750,0,0.00000
0.70800,0,0.00000
0.70850,0,0.00000
0.70900,0,0.00000
0.70950,0,0.00000
0.71000,0,0.00000
0.71050,0,0.00000
0.71100,0,0.00000
0.71150,0,0.00000
0.71200,0,0.00000
0.71250,0,0.00000
0.71300,0,0.00000
0.71350,0,0.00000
0.71400,0,0.00000
0.71450,0,0.00000
0.71500,0,0.00000
0.71550,0,0.00000
0.71600,0,0.00000
0.71650,0,0.00000
0.71700,0,0.00000
0.71750,0,0.00000
0.71800,0,0.00000
0.71850,0,0.00000
0.71900,0,0.00000
0.71950,0,0.00000
0.72000,0,0.00000
0.72050,0,0.00000
0.72100,0,0.00000
0.72150,0,0.00000
0.72200,0,0.00000
0.72250,0,0.00000
0.72300,0,0.00000
0.72350,0,0.00000
0.72400,0,0.00000
0.72450,0,0.00000
0.72500,0,0.00000
0.72550,0,0.00000
0.72600,0,0.00000
0.72650,0,0.00000
0.72700,0,0.00000
0.72750,0,0.00000
0.72800,0,0.00000
0.72850,0,0.00000
0.72900,0,0.00000
0.72950,0,0.00000
0.73000,0,0.00000
0.73050,0,0.00000
0.73100,0,0.00000
0.73150,0,0.00000
0.73200,0,0.00000
0.73250,0,0.00000
0.73300,0,0.00000
0.73350,0,0.00000
0.73400,0,0.00000
0.73450,0,0.00000
0.73500,0,0.00000
0.73550,0,0.00000
0.73600,0,0.00000
0.73650,0,0.00000
0.73700,0,0.00000
0.73750,0,0.00000
0.73800,0,0.00000
0.73850,0,0.00000
0.73900,0,0.00000
0.73950,0,0.00000
0.74000,0,0.00000
0.74050,0,0.00000
0.74100,0,0.00000
0.74150,0,0.00000
0.74200,0,0.00000
0.74250,0,0.00000
0.74300,0,0.00000
0.74350,0,0.00000
0.74400,0,0.00000
0.74450,0,0.00000
0.74500,0,0.00000
0.74550,0,0.00000
0.74600,0,0.00000
0.74650,0,0.00000
0.74700,0,0.00000
0.74750,0,0.00000
0.74800,0,0.00000
0.74850,0,0.00000
0.74900,0,0.00000
0.74950,0,0.00000
0.75000,0,0.00000
0.75050,0,0.00000
0.75100,0,0.00000
0.75150,0,0.00000
0.75200,0,0.00000
0.75250,0,0.00000
0.75300,0,0.00000
0.75350,0,0.00000
0.75400,0,0.00000
0.75450,0,0.00000
0.75500,0,0.00000
0.75550,0,0.00000
0.75600,0,0.00000
0.75650,0,0.00000
0.75700,0,0.00000
0.75750,0,0.00000
0.75800,0,0.00000
0.75850,0,0.00000
0.75900,0,0.00000
0.75950,0,0.00000
0.76000,0,0.00000
0.76050,0,0.00000
0.76100,0,0.00000
0.76150,0,0.00000
0.76200,0,0.00000
0.76250,0,0.00000
0.76300,0,0.00000
0.76350,0,0.00000
0.76400,0,0.00000
0.76450,0,0.00000
0.76500,0,0.00000
0.76550,0,0.00000
0.76600,0,0.00000
0.76650,0,0.00000
0.76700,0,0.00000
0.76750,0,0.00000
0.76800,0,0.00000
0.76850,0,0.00000
0.76900,0,0.00000
0.76950,0,0.00000
0.77000,0,0.00000
0.77050,0,0.00000
0.77100,0,0.00000
0.77150,0,0.00000
0.77200,0,0.00000
0.77250,0,0.00000
0.77300,0,0.00000
0.77350,0,0.00000
0.77400,0,0.00000
0.77450,0,0.00000
0.77500,0,0.00000
0.77550,0,0.00000
0.77600,0,0.00000
0.77650,0,0.00000
0.77700,0,0.00000
0.77750,0,0.00000
0.77800,0,0.00000
0.77850,0,0.00000
0.77900,0,0.00000
0.77950,0,0.00000
0.78000,0,0.00000
0.78050,0,0.00000
0.78100,0,0.00000
0.78150,0,0.00000
0.78200,0,0.00000
0.78250,0,0.00000
0.78300,0,0.00000
0.78350,0,0.00000
0.78400,0,0.00000
0.78450,0,0.00000
0.78500,0,0.00000
0.78550,0,0.00000
0.78600,0,0.00000
0.78650,0,0.00000
0.78700,0,0.00000
0.78750,0,0.00000
0.78800,0,0.00000
0.78850,0,0.00000
0.78900,0,0.00000
0.78950,0,0.00000
0.79000,0,0.00000
0.79050,0,0.00000
0.79100,0,0.00000
0.79150,0,0.00000
0.79200,0,0.00000
0.79250,0,0.00000
0.79300,0,0.00000
0.79350,0,0.00000
0.79400,0,0.00000
0.79450,0,0.00000
0.79500,0,0.00000
0.79550,0,0.00000
0.79600,0,0.00000
0.79650,0,0.00000
0.79700,0,0.00000
0.79750,0,0.00000
0.79800,0,0.00000
0.79850,0,0.00000
0.79900,0,0.00000
0.79950,0,0.00000
0.80000,0,0.00000
0.80050,0,0.00000
0.80100,0,0.00000
0.80150,0,0.00000
0.80200,0,0.00000
0.80250,0,0.00000
0.80300,0,0.00000
0.80350,0,0.00000
0.80400,0,0.00000
0.80450,0,0.00000
0.80500,0,0.00000
0.80550,0,0.00000
0.80600,0,0.00000
0.80650,0,0.00000
0.80700,0,0.00000
0.80750,0,0.00000
0.80800,0,0.00000
0.80850,0,0.00000
0.80900,0,0.00000
0.80950,0,0.00000
0.81000,0,0.00000
0.81050,0,0.00000
0.81100,0,0.00000
0.81150,0,0.00000
0.81200,0,0.00000
0.81250,0,0.00000
0.81300,0,0.00000
0.81350,0,0.00000
0.81400,0,0.00000
0.81450,0,0.00000
0.81500,0,0.00000
0.81550,0,0.00000
0.81600,0,0.00000
0.81650,0,0.00000
0.81700,0,0.00000
0.81750,0,0.00000
0.81800,0,0.00000
0.81850,0,0.00000
0.81900,0,0.00000
0.81950,0,0.00000
0.82000,0,0.00000
0.82050,0,0.00000
0.82100,0,0.00000
0.82150,0,0.00000
0.82200,0,0.00000
0.82250,0,0.00000
0.82300,0,0.00000
0.82350,0,0.00000
0.82400,0,0.00000
0.82450,0,0.00000
0.82500,0,0.00000
0.82550,0,0.00000
0.82600,0,0.00000
0.82650,0,0.00000
0.82700,0,0.00000
0.82750,0,0.00000
0.82800,0,0.00000
0.82850,0,0.00000
0.82900,0,0.00000
0.82950,0,0.00000
0.83000,0,0.00000
0.83050,0,0.00000
0.83100,0,0.00000
0.83150,0,0.00000
0.83200,0,0.00000
0.83250,0,0.00000
0.83300,0,0.00000
0.83350,0,0.00000
0.83400,0,0.00000
0.83450,0,0.00000
0.83500,0,0.00000
0.83550,0,0.00000
0.83600,0,0.00000
0.83650,0,0.00000
0.83700,0,0.00000
0.83750,0,0.00000
0.83800,0,0.00000
0.83850,0,0.00000
0.83900,0,0.00000
0.83950,0,0.00000
0.84000,0,0.00000
0.84050,0,0.00000
0.84100,0,0.00000
0.84150,0,0.00000
0.84200,0,0.00000
0.84250,0,0.00000
0.84300,0,0.00000
0.84350,0,0.00000
0.84400,0,0.00000
0.84450,0,0.00000
0.84500,0,0.00000
0.84550,0,0.00000
0.84600,0,0.00000
0.84650,0,0.00000
0.84700,0,0.00000
0.84750,0,0.00000
0.84800,0,0.00000
0.84850,0,0.00000
0.84900,0,0.00000
0.84950,0,0.00000
0.85000,0,0.00000
0.85050,0,0.00000
0.85100,0,0.00000
0.85150,0,0.00000
0.85200,0,0.00000
0.85250,0,0.00000
0.85300,0,0.00000
0.85350,0,0.00000
0.85400,0,0.00000
0.85450,0,0.00000
0.85500,0,0.00000
0.85550,0,0.00000
0.85600,0,0.00000
0.85650,0,0.00000
0.85700,0,0.00000
0.85750,0,0.00000
0.85800,0,0.00000
0.85850,0,0.00000
0.85900,0,0.00000
0.85950,0,0.00000
0.86000,0,0.00000
0.86050,0,0.00000
0.86100,0,0.00000
0.86150,0,0.00000
0.86200,0,0.00000
0.86250,0,0.00000
0.86300,0,0.00000
0.86350,0,0.00000
0.86400,0,0.00000
0.86450,0,0.00000
0.86500,0,0.00000
0.86550,0,0.00000
0.86600,0,0.00000
0.86650,0,0.00000
0.86700,0,0.00000
0.86750,0,0.00000
0.86800,0,0.00000
0.86850,0,0.00000
0.86900,0,0.00000
0.86950,0,0.00000
0.87000,0,0.00000
0.87050,0,0.00000
0.87100,0,0.00000
0.87150,0,0.00000
0.87200,0,0.00000
0.87250,0,0.00000
0.87300,0,0.00000
0.87350,0,0.00000
0.87400,0,0.00000
0.87450,0,0.00000
0.87500,0,0.00000
0.87550,0,0.00000
0.87600,0,0.00000
0.87650,0,0.00000
0.87700,0,0.00000
0.87750,0,0.00000
0.87800,0,0.00000
0.87850,0,0.00000
0.87900,0,0.00000
0.87950,0,0.00000
0.88000,0,0.00000
0.88050,0,0.00000
0.88100,0,0.00000
0.88150,0,0.00000
0.88200,0,0.00000
0.88250,0,0.00000
0.88300,0,0.00000
0.88350,0,0.00000
0.88400,0,0.00000
0.88450,0,0.00000
0.88500,0,0.00000
0.88550,0,0.00000
0.88600,0,0.00000
0.88650,0,0.00000
0.88700,0,0.00000
0.88750,0,0.00000
0.88800,0,0.00000
0.88850,0,0.00000
0.88900,0,0.00000
0.88950,0,0.00000
0.89000,0,0.00000
0.89050,0,0.00000
0.89100,0,0.00000
0.89150,0,0.00000
0.89200,0,0.00000
0.89250,0,0.00000
0.89300,0,0.00000
0.89350,0,0.00000
0.89400,0,0.00000
0.89450,0,0.00000
0.89500,0,0.00000
0.89550,0,0.00000
0.89600,0,0.00000
0.89650,0,0.00000
0.89700,0,0.00000
0.89750,0,0.00000
0.89800,0,0.00000
0.89850,0,0.00000
0.89900,0,0.00000
0.89950,0,0.00000
0.90000,0,0.00000
0.90050,0,0.00000
0.90100,0,0.00000
0.90150,0,0.00000
0.90200,0,0.00000
0.90250,0,0.00000
0.90300,0,0.00000
0.90350,0,0.00000
0.90400,0,0.00000
0.90450,0,0.00000
0.90500,0,0.00000
0.90550,0,0.00000
0.90600,0,0.00000
0.90650,0,0.00000
0.90700,0,0.00000
0.90750,0,0.00000
0.90800,0,0.00000
0.90850,0,0.00000
0.90900,0,0.00000
0.90950,0,0.00000
0.91000,0,0.00000
0.91050,0,0.00000
0.91100,0,0.00000
0.91150,0,0.00000
0.91200,0,0.00000
0.91250,0,0.00000
0.91300,0,0.00000
0.91350,0,0.00000
0.91400,0,0.00000
0.91450,0,0.00000
0.91500,0,0.00000
0.91550,0,0.00000
0.91600,0,0.00000
0.91650,0,0.00000
0.91700,0,0.00000
0.91750,0,0.00000
0.91800,0,0.00000
0.91850,0,0.00000
0.91900,0,0.00000
0.91950,0,0.00000
0.92000,0,0.00000
0.92050,0,0.00000
0.92100,0,0.00000
0.92150,0,0.00000
0.92200,0,0.00000
0.92250,0,0.00000
0.92300,0,0.00000
0.92350,0,0.00000
0.92400,0,0.00000
0.92450,0,0.00000
0.92500,0,0.00000
0.92550,0,0.00000
0.92600,0,0.00000
0.92650,0,0.00000
0.92700,0,0.00000
0.92750,0,0.00000
0.92800,0,0.00000
0.92850,0,0.00000
0.92900,0,0.00000
0.92950,0,0.00000
0.93000,0,0.00000
0.93050,0,0.00000
0.93100,0,0.00000
0.93150,0,0.00000
0.93200,0,0.00000
0.93250,0,0.00000
0.93300,0,0.00000
0.93350,0,0.00000
0.93400,0,0.00000
0.93450,0,0.00000
0.93500,0,0.00000
0.93550,0,0.00000
0.93600,0,0.00000
0.93650,0,0.00000
0.93700,0,0.00000
0.93750,0,0.00000
0.93800,0,0.00000
0.93850,0,0.00000
0.93900,0,0.00000
0.93950,0,0.00000
0.94000,0,0.00000
0.94050,0,0.00000
0.94100,0,0.00000
0.94150,0,0.00000
0.94200,0,0.00000
0.94250,0,0.00000
0.94300,0,0.00000
0.94350,0,0.00000
0.94400,0,0.00000
0.94450,0,0.00000
0.94500,0,0.00000
0.94550,0,0.00000
0.94600,0,0.00000
0.94650,0,0.00000
0.94700,0,0.00000
0.94750,0,0.00000
0.94800,0,0.00000
0.94850,0,0.00000
0.94900,0,0.00000
0.94950,0,0.00000
0.95000,0,0.00000
0.95050,0,0.00000
0.95100,0,0.00000
0.95150,0,0.00000
0.95200,0,0.00000
0.95250,0,0.00000
0.95300,0,0.00000
0.95350,0,0.00000
0.95400,0,0.00000
0.95450,0,0.00000
0.95500,0,0.00000
0.95550,0,0.00000
0.95600,0,0.00000
0.95650,0,0.00000
0.95700,0,0.00000
0.95750,0,0.00000
0.95800,0,0.00000
0.95850,0,0.00000
0.95900,0,0.00000
0.95950,0,0.00000
0.96000,0,0.00000
0.96050,0,0.00000
0.96100,0,0.00000
0.96150,0,0.00000
0.96200,0,0.00000
0.96250,0,0.00000
0.96300,0,0.00000
0.96350,0,0.00000
0.96400,0,0.00000
0.96450,0,0.00000
0.96500,0,0.00000
0.96550,0,0.00000
0.96600,0,0.00000
0.96650,0,0.00000
0.96700,0,0.00000
0.96750,0,0.00000
0.96800,0,0.00000
0.96850,0,0.00000
0.96900,0,0.00000
0.96950,0,0.00000
0.97000,0,0.00000
0.97050,0,0.00000
0.97100,0,0.00000
0.97150,0,0.00000
0.97200,0,0.00000
0.97250,0,0.00000
0.97300,0,0.00000
0.97350,0,0.00000
0.97400,0,0.00000
0.97450,0,0.00000
0.97500,0,0.00000
0.97550,0,0.00000
0.97600,0,0.00000
0.97650,0,0.00000
0.97700,0,0.00000
0.97750,0,0.00000
0.97800,0,0.00000
0.97850,0,0.00000
0.97900,0,0.00000
0.97950,0,0.00000
0.98000,0,0.00000
0.98050,0,0.00000
0.98100,0,0.00000
0.98150,0,0.00000
0.98200,0,0.00000
0.98250,0,0.00000
0.98300,0,0.00000
0.98350,0,0.00000
0.98400,0,0.00000
0.98450,0,0.00000
0.98500,0,0.00000
0.98550,0,0.00000
0.98600,0,0.00000
0.98650,0,0.00000
0.98700,0,0.00000
0.98750,0,0.00000
0.98800,0,0.00000
0.98850,0,0.00000
0.98900,0,0.00000
0.98950,0,0.00000
0.99000,0,0.00000
0.99050,0,0.00000
0.99100,0,0.00000
0.99150,0,0.00000
0.99200,0,0.00000
0.99250,0,0.00000
0.99300,0,0.00000
0.99350,0,0.00000
0.99400,0,0.00000
0.99450,0,0.00000
0.99500,0,0.00000
0.99550,0,0.00000
0.99600,0,0.00000
0.99650,0,0.00000
0.99700,0,0.00000
0.99750,0,0.00000
0.99800,0,0.00000
0.99850,0,0.00000
0.99900,0,0.00000
0.99950,0,0.00000
1.00000,250,0.00000
1.00062,250,0.00000
1.00100,250,0.00000
1.00150,250,0.00000
1.00200,250,0.00000
1.00250,250,0.00000
1.00300,250,0.00000
1.00350,250,0.00000
1.00400,250,0.00000
1.00450,250,0.00000
1.00500,250,0.00000
1.00550,250,0.00000
1.00600,250,0.00000
1.00650,250,0.00000
1.00700,250,0.00000
1.00750,250,0.00000
1.00800,250,0.00000
1.00850,250,0.00000
1.00900,250,0.00000
1.00950,250,0.00000
1.01000,250,0.00000
1.01050,250,0.00000
1.01100,250,0.00000
1.01150,250,0.00000
1.01200,250,0.00000
1.01250,250,0.00000
1.01300,250,0.00000
1.01350,250,0.00000
1.01400,250,0.00000
1.01450,250,0.00000
1.01500,250,0.00000
1.01550,250,0.00000
1.01600,250,0.00000
1.01650,250,0.00000
1.01700,250,0.00000
1.01750,250,0.00000
1.01800,250,0.00000
1.01850,250,0.00000
1.01900,250,0.00000
1.01950,250,0.00000
1.02000,250,0.00000
1.02050,250,0.00000
1.02100,250,0.00000
1.02150,250,0.00000
1.02200,250,0.00000
1.02250,250,0.00000
1.02300,250,0.00000
1.02350,250,0.00000
1.02400,250,0.00000
1.02450,250,0.51122
1.02500,250,0.51122
1.02550,250,0.51122
1.02600,250,0.51122
1.02650,250,0.51122
1.02700,250,0.51122
1.02750,250,0.51122
1.02800,250,0.51122
1.02850,250,0.51122
1.02900,250,0.51122
1.02950,250,0.51122
1.03000,250,0.51122
1.03050,250,0.51122
1.03100,250,0.51122
1.03150,250,0.51122
1.03200,250,0.51122
1.03250,250,0.51122
1.03300,250,0.51122
1.03350,250,0.51122
1.03400,250,0.51122
1.03450,250,0.51122
1.03500,250,0.51122
1.03550,250,0.51122
1.03600,250,0.51122
1.03650,250,0.51122
1.03700,250,0.51122
1.03750,250,0.51122
1.03800,250,0.51122
1.03850,250,0.51122
1.03900,250,0.51122
1.03950,250,0.51122
1.04000,250,0.51122
1.04050,250,0.51122
1.04100,250,0.51122
1.04150,250,0.51122
1.04200,250,0.51122
1.04250,250,0.51122
1.04300,250,27.92974
1.04350,250,27.92974
1.04400,250,27.92974
1.04450,250,27.92974
1.04500,250,27.92974
1.04550,250,27.92974
1.04600,250,27.92974
1.04650,250,27.92974
1.04700,250,27.92974
1.04750,250,27.92974
1.04800,250,27.92974
1.04850,250,27.92974
1.04900,250,27.92974
1.04950,250,27.92974
1.05000,250,27.92974
1.05050,250,27.92974
1.05100,250,27.92974
1.05150,250,27.92974
1.05200,250,27.92974
1.05250,250,27.92974
1.05300,250,27.92974
1.05350,250,27.92974
1.05400,250,27.92974
1.05450,250,27.92974
1.05500,250,27.92974
1.05550,250,27.92974
1.05600,250,27.92974
1.05650,250,27.92974
1.05700,250,27.92974
1.05750,250,27.92974
1.05800,250,27.92974
1.05850,250,27.92974
1.05900,250,32.86666
1.05950,250,32.86666
1.06000,250,32.86666
1.06050,250,32.86666
1.06100,250,32.86666
1.06150,250,32.86666
1.06200,250,32.86666
1.06250,250,32.86666
1.06300,250,32.86666
1.06350,250,32.86666
1.06400,250,32.86666
1.06450,250,32.86666
1.06500,250,32.86666
1.06550,250,32.86666
1.06600,250,32.86666
1.06650,250,32.86666
1.06700,250,32.86666
1.06750,250,32.86666
1.06800,250,32.86666
1.06850,250,32.86666
1.06900,250,32.86666
1.06950,250,32.86666
1.07000,250,32.86666
1.07050,250,32.86666
1.07100,250,32.86666
1.07150,250,32.86666
1.07200,250,32.86666
1.07250,250,38.38138
1.07300,250,38.38138
1.07350,250,38.38138
1.07400,250,38.38138
1.07450,250,38.38138
1.07500,250,38.38138
1.07550,250,38.38138
1.07600,250,38.38138
1.07650,250,38.38138
1.07700,250,38.38138
1.07750,250,38.38138
1.07800,250,38.38138
1.07850,250,38.38138
1.07900,250,38.38138
1.07950,250,38.38138
1.08000,250,38.38138
1.08050,250,38.38138
1.08100,250,38.38138
1.08150,250,38.38138
1.08200,250,38.38138
1.08250,250,38.38138
1.08300,250,38.38138
1.08350,250,38.38138
1.08400,250,38.38138
1.08450,250,38.38138
1.08500,250,38.38138
1.08550,250,38.38138
1.08600,250,38.38138
1.08650,250,37.77769
1.08700,250,37.77769
1.08750,250,37.77769
1.08800,250,37.77769
1.08850,250,37.77769
1.08900,250,37.77769
1.08950,250,37.77769
1.09000,250,37.77769
1.09050,250,37.77769
1.09100,250,37.77769
1.09150,250,37.77769
1.09200,250,37.77769
1.09250,250,37.77769
1.09300,250,37.77769
1.09350,250,37.77769
1.09400,250,37.77769
1.09450,250,37.77769
1.09500,250,37.77769
1.09550,250,37.77769
1.09600,250,37.77769
1.09650,250,37.77769
1.09700,250,37.77769
1.09750,250,37.77769
1.09800,250,37.77769
1.09850,250,37.77769
1.09900,250,37.77769
1.09950,250,37.77769
1.10000,250,37.77769
1.10050,250,38.14927
1.10100,250,38.14927
1.10150,250,38.14927
1.10200,250,38.14927
1.10250,250,38.14927
1.10300,250,38.14927
1.10350,250,38.14927
1.10400,250,38.14927
1.10450,250,38.14927
1.10500,250,38.14927
1.10550,250,38.14927
1.10600,250,38.14927
1.10650,250,38.14927
1.10700,250,38.14927
1.10750,250,38.14927
1.10800,250,38.14927
1.10850,250,38.14927
1.10900,250,38.14927
1.10950,250,38.14927
1.11000,250,38.14927
1.11050,250,38.14927
1.11100,250,38.14927
1.11150,250,38.14927
1.11200,250,38.14927
1.11250,250,38.14927
1.11300,250,38.14927
1.11350,250,39.30922
1.11400,250,39.30922
1.11450,250,39.30922
1.11500,250,39.30922
1.11550,250,39.30922
1.11600,250,39.30922
1.11650,250,39.30922
1.11700,250,39.30922
1.11750,250,39.30922
1.11800,250,39.30922
1.11850,250,39.30922
1.11900,250,39.30922
1.11950,250,39.30922
1.12000,250,39.30922
1.12050,250,39.30922
1.12100,250,39.30922
1.12150,250,39.30922
1.12200,250,39.30922
1.12250,250,39.30922
1.12300,250,39.30922
1.12350,250,39.30922
1.12400,250,39.30922
1.12450,250,39.30922
1.12500,250,39.30922
1.12550,250,39.30922
1.12600,250,39.30922
1.12650,250,40.88060
1.12700,250,40.88060
1.12750,250,40.88060
1.12800,250,40.88060
1.12850,250,40.88060
1.12900,250,40.88060
1.12950,250,40.88060
1.13000,250,40.88060
1.13050,250,40.88060
1.13100,250,40.88060
1.13150,250,40.88060
1.13200,250,40.88060
1.13250,250,40.88060
1.13300,250,40.88060
1.13350,250,40.88060
1.13400,250,40.88060
1.13450,250,40.88060
1.13500,250,40.88060
1.13550,250,40.88060
1.13600,250,40.88060
1.13650,250,40.88060
1.13700,250,40.88060
1.13750,250,40.88060
1.13800,250,40.88060
1.13850,250,43.35504
1.13900,250,43.35504
1.13950,250,43.35504
1.14000,250,43.35504
1.14050,250,43.35504
1.14100,250,43.35504
1.14150,250,43.35504
1.14200,250,43.35504
1.14250,250,43.35504
1.14300,250,43.35504
1.14350,250,43.35504
1.14400,250,43.35504
1.14450,250,43.35504
1.14500,250,43.35504
1.14550,250,43.35504
1.14600,250,43.35504
1.14650,250,43.35504
1.14700,250,43.35504
1.14750,250,43.35504
1.14800,250,43.35504
1.14850,250,43.35504
1.14900,250,43.35504
1.14950,250,43.35504
1.15000,250,43.35504
1.15050,250,43.35504
1.15100,250,42.31785
1.15150,250,42.31785
1.15200,250,42.31785
1.15250,250,42.31785
1.15300,250,42.31785
1.15350,250,42.31785
1.15400,250,42.31785
1.15450,250,42.31785
1.15500,250,42.31785
1.15550,250,42.31785
1.15600,250,42.31785
1.15650,250,42.31785
1.15700,250,42.31785
1.15750,250,42.31785
1.15800,250,42.31785
1.15850,250,42.31785
1.15900,250,42.31785
1.15950,250,42.31785
1.16000,250,42.31785
1.16050,250,42.31785
1.16100,250,42.31785
1.16150,250,42.31785
1.16200,250,42.31785
1.16250,250,42.31785
1.16300,250,42.31785
1.16350,250,42.31785
1.16400,250,40.58276
1.16450,250,40.58276
1.16500,250,40.58276
1.16550,250,40.58276
1.16600,250,40.58276
1.16650,250,40.58276
1.16700,250,40.58276
1.16750,250,40.58276
1.16800,250,40.58276
1.16850,250,40.58276
1.16900,250,40.58276
1.16950,250,40.58276
1.17000,250,40.58276
1.17050,250,40.58276
1.17100,250,40.58276
1.17150,250,40.58276
1.17200,250,40.58276
1.17250,250,40.58276
1.17300,250,40.58276
1.17350,250,40.58276
1.17400,250,40.58276
1.17450,250,40.58276
1.17500,250,40.58276
1.17550,250,40.58276
1.17600,250,43.43416
1.17650,250,43.43416
1.17700,250,43.43416
1.17750,250,43.43416
1.17800,250,43.43416
1.17850,250,43.43416
1.17900,250,43.43416
1.17950,250,43.43416
1.18000,250,43.43416
1.18050,250,43.43416
1.18100,250,43.43416
1.18150,250,43.43416
1.18200,250,43.43416
1.18250,250,43.43416
1.18300,250,43.43416
1.18350,250,43.43416
1.18400,250,43.43416
1.18450,250,43.43416
1.18500,250,43.43416
1.18550,250,43.43416
1.18600,250,43.43416
1.18650,250,43.43416
1.18700,250,43.43416
1.18750,250,43.43416
1.18800,250,43.85984
1.18850,250,43.85984
1.18900,250,43.85984
1.18950,250,43.85984
1.19000,250,43.85984
1.19050,250,43.85984
1.19100,250,43.85984
1.19150,250,43.85984
1.19200,250,43.85984
1.19250,250,43.85984
1.19300,250,43.85984
1.19350,250,43.85984
1.19400,250,43.85984
1.19450,250,43.85984
1.19500,250,43.85984
1.19550,250,43.85984
1.19600,250,43.85984
1.19650,250,43.85984
1.19700,250,43.85984
1.19750,250,43.85984
1.19800,250,43.85984
1.19850,250,43.85984
1.19900,250,43.85984
1.19950,250,43.85984
1.20000,250,43.27262
1.20050,250,43.27262
1.20100,250,43.27262
1.20150,250,43.27262
1.20200,250,43.27262
1.20250,250,43.27262
1.20300,250,43.27262
1.20350,250,43.27262
1.20400,250,43.27262
1.20450,250,43.27262
1.20500,250,43.27262
1.20550,250,43.27262
1.20600,250,43.27262
1.20650,250,43.27262
1.20700,250,43.27262
1.20750,250,43.27262
1.20800,250,43.27262
1.20850,250,43.27262
1.20900,250,43.27262
1.20950,250,43.27262
1.21000,250,43.27262
1.21050,250,43.27262
1.21100,250,43.27262
1.21150,250,43.27262
1.21200,250,43.27262
1.21250,250,42.26320
1.21300,250,42.26320
1.21350,250,42.26320
1.21400,250,42.26320
1.21450,250,42.26320
1.21500,250,42.26320
1.21550,250,42.26320
1.21600,250,42.26320
1.21650,250,42.26320
1.21700,250,42.26320
1.21750,250,42.26320
1.21800,250,42.26320
1.21850,250,42.26320
1.21900,250,42.26320
1.21950,250,42.26320
1.22000,250,42.26320
1.22050,250,42.26320
1.22100,250,42.26320
1.22150,250,42.26320
1.22200,250,42.26320
1.22250,250,42.26320
1.22300,250,42.26320
1.22350,250,42.26320
1.22400,250,42.26320
1.22450,250,42.26320
1.22500,250,41.81765
1.22550,250,41.81765
1.22600,250,41.81765
1.22650,250,41.81765
1.22700,250,41.81765
1.22750,250,41.81765
1.22800,250,41.81765
1.22850,250,41.81765
1.22900,250,41.81765
1.22950,250,41.81765
1.23000,250,41.81765
1.23050,250,41.81765
1.23100,250,41.81765
1.23150,250,41.81765
1.23200,250,41.81765
1.23250,250,41.81765
1.23300,250,41.81765
1.23350,250,41.81765
1.23400,250,41.81765
1.23450,250,41.81765
1.23500,250,41.81765
1.23550,250,41.81765
1.23600,250,41.81765
1.23650,250,41.81765
1.23700,250,41.81765
1.23750,250,42.19168
1.23800,250,42.19168
1.23850,250,42.19168
1.23900,250,42.19168
1.23950,250,42.19168
1.24000,250,42.19168
1.24050,250,42.19168
1.24100,250,42.19168
1.24150,250,42.19168
1.24200,250,42.19168
1.24250,250,42.19168
1.24300,250,42.19168
1.24350,250,42.19168
1.24400,250,42.19168
1.24450,250,42.19168
1.24500,250,42.19168
1.24550,250,42.19168
1.24600,250,42.19168
1.24650,250,42.19168
1.24700,250,42.19168
1.24750,250,42.19168
1.24800,250,42.19168
1.24850,250,42.19168
1.24900,250,42.19168
1.24950,250,43.83781
1.25000,250,43.83781
1.25050,250,43.83781
1.25100,250,43.83781
1.25150,250,43.83781
1.25200,250,43.83781
1.25250,250,43.83781
1.25300,250,43.83781
1.25350,250,43.83781
1.25400,250,43.83781
1.25450,250,43.83781
1.25500,250,43.83781
1.25550,250,43.83781
1.25600,250,43.83781
1.25650,250,43.83781
1.25700,250,43.83781
1.25750,250,43.83781
1.25800,250,43.83781
1.25850,250,43.83781
1.25900,250,43.83781
1.25950,250,43.83781
1.26000,250,43.83781
1.26050,250,43.83781
1.26100,250,44.27522
1.26150,250,44.27522
1.26200,250,44.27522
1.26250,250,44.27522
1.26300,250,44.27522
1.26350,250,44.27522
1.26400,250,44.27522
1.26450,250,44.27522
1.26500,250,44.27522
1.26550,250,44.27522
1.26600,250,44.27522
1.26650,250,44.27522
1.26700,250,44.27522
1.26750,250,44.27522
1.26800,250,44.27522
1.26850,250,44.27522
1.26900,250,44.27522
1.26950,250,44.27522
1.27000,250,44.27522
1.27050,250,44.27522
1.27100,250,44.27522
1.27150,250,44.27522
1.27200,250,44.27522
1.27250,250,44.27522
1.27300,250,44.27522
1.27350,250,44.27522
1.27400,250,40.55761
1.27450,250,40.55761
1.27500,250,40.55761
1.27550,250,40.55761
1.27600,250,40.55761
1.27650,250,40.55761
1.27700,250,40.55761
1.27750,250,40.55761
1.27800,250,40.55761
1.27850,250,40.55761
1.27900,250,40.55761
1.27950,250,40.55761
1.28000,250,40.55761
1.28050,250,40.55761
1.28100,250,40.55761
1.28150,250,40.55761
1.28200,250,40.55761
1.28250,250,40.55761
1.28300,250,40.55761
1.28350,250,40.55761
1.28400,250,40.55761
1.28450,250,40.55761
1.28500,250,40.55761
1.28550,250,40.55761
1.28600,250,40.55761
1.28650,250,42.80915
1.28700,250,42.80915
1.28750,250,42.80915
1.28800,250,42.80915
1.28850,250,42.80915
1.28900,250,42.80915
1.28950,250,42.80915
1.29000,250,42.80915
1.29050,250,42.80915
1.29100,250,42.80915
1.29150,250,42.80915
1.29200,250,42.80915
1.29250,250,42.80915
1.29300,250,42.80915
1.29350,250,42.80915
1.29400,250,42.80915
1.29450,250,42.80915
1.29500,250,42.80915
1.29550,250,42.80915
1.29600,250,42.80915
1.29650,250,42.80915
1.29700,250,42.80915
1.29750,250,42.80915
1.29800,250,44.92482
1.29850,250,44.92482
1.29900,250,44.92482
1.29950,250,44.92482
1.30000,250,44.92482
1.30050,250,44.92482
1.30100,250,44.92482
1.30150,250,44.92482
1.30200,250,44.92482
1.30250,250,44.92482
1.30300,250,44.92482
1.30350,250,44.92482
1.30400,250,44.92482
1.30450,250,44.92482
1.30500,250,44.92482
1.30550,250,44.92482
1.30600,250,44.92482
1.30650,250,44.92482
1.30700,250,44.92482
1.30750,250,44.92482
1.30800,250,44.92482
1.30850,250,44.92482
1.30900,250,44.92482
1.30950,250,44.92482
1.31000,250,43.45218
1.31050,250,43.45218
1.31100,250,43.45218
1.31150,250,43.45218
1.31200,250,43.45218
1.31250,250,43.45218
1.31300,250,43.45218
1.31350,250,43.45218
1.31400,250,43.45218
1.31450,250,43.45218
1.31500,250,43.45218
1.31550,250,43.45218
1.31600,250,43.45218
1.31650,250,43.45218
1.31700,250,43.45218
1.31750,250,43.45218
1.31800,250,43.45218
1.31850,250,43.45218
1.31900,250,43.45218
1.31950,250,43.45218
1.32000,250,43.45218
1.32050,250,43.45218
1.32100,250,43.45218
1.32150,250,43.45218
1.32200,250,43.45218
1.32250,250,41.48631
1.32300,250,41.48631
1.32350,250,41.48631
1.32400,250,41.48631
1.32450,250,41.48631
1.32500,250,41.48631
1.32550,250,41.48631
1.32600,250,41.48631
1.32650,250,41.48631
1.32700,250,41.48631
1.32750,250,41.48631
1.32800,250,41.48631
1.32850,250,41.48631
1.32900,250,41.48631
1.32950,250,41.48631
1.33000,250,41.48631
1.33050,250,41.48631
1.33100,250,41.48631
1.33150,250,41.48631
1.33200,250,41.48631
1.33250,250,41.48631
1.33300,250,41.48631
1.33350,250,41.48631
1.33400,250,45.27052
1.33450,250,45.27052
1.33500,250,45.27052
1.33550,250,45.27052
1.33600,250,45.27052
1.33650,250,45.27052
1.33700,250,45.27052
1.33750,250,45.27052
1.33800,250,45.27052
1.33850,250,45.27052
1.33900,250,45.27052
1.33950,250,45.27052
1.34000,250,45.27052
1.34050,250,45.27052
1.34100,250,45.27052
1.34150,250,45.27052
1.34200,250,45.27052
1.34250,250,45.27052
1.34300,250,45.27052
1.34350,250,45.27052
1.34400,250,45.27052
1.34450,250,45.27052
1.34500,250,45.27052
1.34550,250,45.27052
1.34600,250,44.44434
1.34650,250,44.44434
1.34700,250,44.44434
1.34750,250,44.44434
1.34800,250,44.44434
1.34850,250,44.44434
1.34900,250,44.44434
1.34950,250,44.44434
1.35000,250,44.44434
1.35050,250,44.44434
1.35100,250,44.44434
1.35150,250,44.44434
1.35200,250,44.44434
1.35250,250,44.44434
1.35300,250,44.44434
1.35350,250,44.44434
1.35400,250,44.44434
1.35450,250,44.44434
1.35500,250,44.44434
1.35550,250,44.44434
1.35600,250,44.44434
1.35650,250,44.44434
1.35700,250,44.44434
1.35750,250,44.44434
1.35800,250,44.44434
1.35850,250,42.59325
1.35900,250,42.59325
1.35950,250,42.59325
1.36000,250,42.59325
1.36050,250,42.59325
1.36100,250,42.59325
1.36150,250,42.59325
1.36200,250,42.59325
1.36250,250,42.59325
1.36300,250,42.59325
1.36350,250,42.59325
1.36400,250,42.59325
1.36450,250,42.59325
1.36500,250,42.59325
1.36550,250,42.59325
1.36600,250,42.59325
1.36650,250,42.59325
1.36700,250,42.59325
1.36750,250,42.59325
1.36800,250,42.59325
1.36850,250,42.59325
1.36900,250,42.59325
1.36950,250,42.59325
1.37000,250,42.59325
1.37050,250,42.29051
1.37100,250,42.29051
1.37150,250,42.29051
1.37200,250,42.29051
1.37250,250,42.29051
1.37300,250,42.29051
1.37350,250,42.29051
1.37400,250,42.29051
1.37450,250,42.29051
1.37500,250,42.29051
1.37550,250,42.29051
1.37600,250,42.29051
1.37650,250,42.29051
1.37700,250,42.29051
1.37750,250,42.29051
1.37800,250,42.29051
1.37850,250,42.29051
1.37900,250,42.29051
1.37950,250,42.29051
1.38000,250,42.29051
1.38050,250,42.29051
1.38100,250,42.29051
1.38150,250,42.29051
1.38200,250,42.29051
1.38250,250,42.29051
1.38300,250,42.55862
1.38350,250,42.55862
1.38400,250,42.55862
1.38450,250,42.55862
1.38500,250,42.55862
1.38550,250,42.55862
1.38600,250,42.55862
1.38650,250,42.55862
1.38700,250,42.55862
1.38750,250,42.55862
1.38800,250,42.55862
1.38850,250,42.55862
1.38900,250,42.55862
1.38950,250,42.55862
1.39000,250,42.55862
1.39050,250,42.55862
1.39100,250,42.55862
1.39150,250,42.55862
1.39200,250,42.55862
1.39250,250,42.55862
1.39300,250,42.55862
1.39350,250,42.55862
1.39400,250,42.55862
1.39450,250,42.55862
1.39500,250,44.01839
1.39550,250,44.01839
1.39600,250,44.01839
1.39650,250,44.01839
1.39700,250,44.01839
1.39750,250,44.01839
1.39800,250,44.01839
1.39850,250,44.01839
1.39900,250,44.01839
1.39950,250,44.01839
1.40000,250,44.01839
1.40050,250,44.01839
1.40100,250,44.01839
1.40150,250,44.01839
1.40200,250,44.01839
1.40250,250,44.01839
1.40300,250,44.01839
1.40350,250,44.01839
1.40400,250,44.01839
1.40450,250,44.01839
1.40500,250,44.01839
1.40550,250,44.01839
1.40600,250,44.01839
1.40650,250,45.12616
1.40700,250,45.12616
1.40750,250,45.12616
1.40800,250,45.12616
1.40850,250,45.12616
1.40900,250,45.12616
1.40950,250,45.12616
1.41000,250,45.12616
1.41050,250,45.12616
1.41100,250,45.12616
1.41150,250,45.12616
1.41200,250,45.12616
1.41250,250,45.12616
1.41300,250,45.12616
1.41350,250,45.12616
1.41400,250,45.12616
1.41450,250,45.12616
1.41500,250,45.12616
1.41550,250,45.12616
1.41600,250,45.12616
1.41650,250,45.12616
1.41700,250,45.12616
1.41750,250,45.12616
1.41800,250,45.12616
1.41850,250,45.12616
1.41900,250,42.68700
1.41950,250,42.68700
1.42000,250,42.68700
1.42050,250,42.68700
1.42100,250,42.68700
1.42150,250,42.68700
1.42200,250,42.68700
1.42250,250,42.68700
1.42300,250,42.68700
1.42350,250,42.68700
1.42400,250,42.68700
1.42450,250,42.68700
1.42500,250,42.68700
1.42550,250,42.68700
1.42600,250,42.68700
1.42650,250,42.68700
1.42700,250,42.68700
1.42750,250,42.68700
1.42800,250,42.68700
1.42850,250,42.68700
1.42900,250,42.68700
1.42950,250,42.68700
1.43000,250,42.68700
1.43050,250,42.68700
1.43100,250,42.68700
1.43150,250,41.90466
1.43200,250,41.90466
1.43250,250,41.90466
1.43300,250,41.90466
1.43350,250,41.90466
1.43400,250,41.90466
1.43450,250,41.90466
1.43500,250,41.90466
1.43550,250,41.90466
1.43600,250,41.90466
1.43650,250,41.90466
1.43700,250,41.90466
1.43750,250,41.90466
1.43800,250,41.90466
1.43850,250,41.90466
1.43900,250,41.90466
1.43950,250,41.90466
1.44000,250,41.90466
1.44050,250,41.90466
1.44100,250,41.90466
1.44150,250,41.90466
1.44200,250,41.90466
1.44250,250,41.90466
1.44300,250,41.90466
1.44350,250,43.32992
1.44400,250,43.32992
1.44450,250,43.32992
1.44500,250,43.32992
1.44550,250,43.32992
1.44600,250,43.32992
1.44650,250,43.32992
1.44700,250,43.32992
1.44750,250,43.32992
1.44800,250,43.32992
1.44850,250,43.32992
1.44900,250,43.32992
1.44950,250,43.32992
1.45000,250,43.32992
1.45050,250,43.32992
1.45100,250,43.32992
1.45150,250,43.32992
1.45200,250,43.32992
1.45250,250,43.32992
1.45300,250,43.32992
1.45350,250,43.32992
1.45400,250,43.32992
1.45450,250,43.32992
1.45500,250,45.08342
1.45550,250,45.08342
1.45600,250,45.08342
1.45650,250,45.08342
1.45700,250,45.08342
1.45750,250,45.08342
1.45800,250,45.08342
1.45850,250,45.08342
1.45900,250,45.08342
1.45950,250,45.08342
1.46000,250,45.08342
1.46050,250,45.08342
1.46100,250,45.08342
1.46150,250,45.08342
1.46200,250,45.08342
1.46250,250,45.08342
1.46300,250,45.08342
1.46350,250,45.08342
1.46400,250,45.08342
1.46450,250,45.08342
1.46500,250,45.08342
1.46550,250,45.08342
1.46600,250,45.08342
1.46653,250,44.78265
1.46700,250,44.78265
1.46750,250,44.78265
1.46800,250,44.78265
1.46850,250,44.78265
1.46900,250,44.78265
1.46950,250,44.78265
1.47000,250,44.78265
1.47050,250,44.78265
1.47100,250,44.78265
1.47150,250,44.78265
1.47200,250,44.78265
1.47250,250,44.78265
1.47300,250,44.78265
1.47350,250,44.78265
1.47400,250,44.78265
1.47450,250,44.78265
1.47500,250,44.78265
1.47550,250,44.78265
1.47600,250,44.78265
1.47650,250,44.78265
1.47700,250,44.78265
1.47750,250,44.78265
1.47800,250,44.78265
1.47850,250,44.11853
1.47900,250,44.11853
1.47950,250,44.11853
1.48000,250,44.11853
1.48050,250,44.11853
1.48100,250,44.11853
1.48150,250,44.11853
1.48200,250,44.11853
1.48250,250,44.11853
1.48300,250,44.11853
1.48350,250,44.11853
1.48400,250,44.11853
1.48450,250,44.11853
1.48500,250,44.11853
1.48550,250,44.11853
1.48600,250,44.11853
1.48650,250,44.11853
1.48700,250,44.11853
1.48750,250,44.11853
1.48800,250,44.11853
1.48850,250,44.11853
1.48900,250,44.11853
1.48950,250,44.11853
1.49000,250,44.11853
1.49050,250,43.86351
1.49100,250,43.86351
1.49150,250,43.86351
1.49200,250,43.86351
1.49250,250,43.86351
1.49300,250,43.86351
1.49350,250,43.86351
1.49400,250,43.86351
1.49450,250,43.86351
1.49500,250,43.86351
1.49550,250,43.86351
1.49600,250,43.86351
1.49650,250,43.86351
1.49700,250,43.86351
1.49750,250,43.86351
1.49800,250,43.86351
1.49850,250,43.86351
1.49900,250,43.86351
1.49950,250,43.86351
1.50000,250,43.86351
1.50050,250,43.86351
1.50100,250,43.86351
1.50150,250,43.86351
1.50200,250,43.86351
1.50250,250,43.82313
1.50300,250,43.82313
1.50350,250,43.82313
1.50400,250,43.82313
1.50450,250,43.82313
1.50500,250,43.82313
1.50550,250,43.82313
1.50600,250,43.82313
1.50650,250,43.82313
1.50700,250,43.82313
1.50750,250,43.82313
1.50800,250,43.82313
1.50850,250,43.82313
1.50900,250,43.82313
1.50950,250,43.82313
1.51000,250,43.82313
1.51050,250,43.82313
1.51100,250,43.82313
1.51150,250,43.82313
1.51200,250,43.82313
1.51250,250,43.82313
1.51300,250,43.82313
1.51350,250,43.82313
1.51400,250,43.82313
1.51450,250,43.82313
1.51500,250,42.82316
1.51550,250,42.82316
1.51600,250,42.82316
1.51650,250,42.82316
1.51700,250,42.82316
1.51750,250,42.82316
1.51800,250,42.82316
1.51850,250,42.82316
1.51900,250,42.82316
1.51950,250,42.82316
1.52000,250,42.82316
1.52050,250,42.82316
1.52100,250,42.82316
1.52150,250,42.82316
1.52200,250,42.82316
1.52250,250,42.82316
1.52300,250,42.82316
1.52350,250,42.82316
1.52400,250,42.82316
1.52450,250,42.82316
1.52500,250,42.82316
1.52550,250,42.82316
1.52600,250,42.82316
1.52650,250,42.82316
1.52700,250,43.16560
1.52750,250,43.16560
1.52800,250,43.16560
1.52850,250,43.16560
1.52900,250,43.16560
1.52950,250,43.16560
1.53000,250,43.16560
1.53050,250,43.16560
1.53100,250,43.16560
1.53150,250,43.16560
1.53200,250,43.16560
1.53250,250,43.16560
1.53300,250,43.16560
1.53350,250,43.16560
1.53400,250,43.16560
1.53450,250,43.16560
1.53500,250,43.16560
1.53550,250,43.16560
1.53600,250,43.16560
1.53650,250,43.16560
1.53700,250,43.16560
1.53750,250,43.16560
1.53800,250,43.16560
1.53850,250,43.16560
1.53900,250,42.84418
1.53950,250,42.84418
1.54000,250,42.84418
1.54050,250,42.84418
1.54100,250,42.84418
1.54150,250,42.84418
1.54200,250,42.84418
1.54250,250,42.84418
1.54300,250,42.84418
1.54350,250,42.84418
1.54400,250,42.84418
1.54450,250,42.84418
1.54500,250,42.84418
1.54550,250,42.84418
1.54600,250,42.84418
1.54650,250,42.84418
1.54700,250,42.84418
1.54750,250,42.84418
1.54800,250,42.84418
1.54850,250,42.84418
1.54900,250,42.84418
1.54950,250,42.84418
1.55000,250,42.84418
1.55050,250,42.84418
1.55100,250,44.08510
1.55150,250,44.08510
1.55200,250,44.08510
1.55250,250,44.08510
1.55300,250,44.08510
1.55350,250,44.08510
1.55400,250,44.08510
1.55450,250,44.08510
1.55500,250,44.08510
1.55550,250,44.08510
1.55600,250,44.08510
1.55650,250,44.08510
1.55700,250,44.08510
1.55750,250,44.08510
1.55800,250,44.08510
1.55850,250,44.08510
1.55900,250,44.08510
1.55950,250,44.08510
1.56000,250,44.08510
1.56050,250,44.08510
1.56100,250,44.08510
1.56150,250,44.08510
1.56200,250,44.08510
1.56251,250,44.77882
1.56300,250,44.77882
1.56350,250,44.77882
1.56400,250,44.77882
1.56450,250,44.77882
1.56500,250,44.77882
1.56550,250,44.77882
1.56600,250,44.77882
1.56650,250,44.77882
1.56700,250,44.77882
1.56750,250,44.77882
1.56800,250,44.77882
1.56850,250,44.77882
1.56900,250,44.77882
1.56950,250,44.77882
1.57000,250,44.77882
1.57050,250,44.77882
1.57100,250,44.77882
1.57150,250,44.77882
1.57200,250,44.77882
1.57250,250,44.77882
1.57300,250,44.77882
1.57350,250,44.77882
1.57400,250,44.77882
1.57450,250,44.77882
1.57500,250,43.31200
1.57550,250,43.31200
1.57600,250,43.31200
1.57650,250,43.31200
1.57700,250,43.31200
1.57750,250,43.31200
1.57800,250,43.31200
1.57850,250,43.31200
1.57900,250,43.31200
1.57950,250,43.31200
1.58000,250,43.31200
1.58050,250,43.31200
1.58100,250,43.31200
1.58150,250,43.31200
1.58200,250,43.31200
1.58250,250,43.31200
1.58300,250,43.31200
1.58350,250,43.31200
1.58400,250,43.31200
1.58450,250,43.31200
1.58500,250,43.31200
1.58550,250,43.31200
1.58600,250,43.31200
1.58650,250,43.31200
1.58700,250,42.61752
1.58750,250,42.61752
1.58800,250,42.61752
1.58850,250,42.61752
1.58900,250,42.61752
1.58950,250,42.61752
1.59000,250,42.61752
1.59050,250,42.61752
1.59100,250,42.61752
1.59150,250,42.61752
1.59200,250,42.61752
1.59250,250,42.61752
1.59300,250,42.61752
1.59350,250,42.61752
1.59400,250,42.61752
1.59450,250,42.61752
1.59500,250,42.61752
1.59550,250,42.61752
1.59600,250,42.61752
1.59650,250,42.61752
1.59700,250,42.61752
1.59750,250,42.61752
1.59800,250,42.61752
1.59850,250,42.61752
1.59900,250,43.70972
1.59950,250,43.70972
1.60000,250,43.70972
1.60050,250,43.70972
1.60100,250,43.70972
1.60150,250,43.70972
1.60200,250,43.70972
1.60250,250,43.70972
1.60300,250,43.70972
1.60350,250,43.70972
1.60400,250,43.70972
1.60450,250,43.70972
1.60500,250,43.70972
1.60550,250,43.70972
1.60600,250,43.70972
1.60650,250,43.70972
1.60700,250,43.70972
1.60750,250,43.70972
1.60800,250,43.70972
1.60850,250,43.70972
1.60900,250,43.70972
1.60950,250,43.70972
1.61000,250,43.70972
1.61050,250,43.70972
1.61100,250,44.78265
1.61150,250,44.78265
1.61200,250,44.78265
1.61250,250,44.78265
1.61300,250,44.78265
1.61350,250,44.78265
1.61400,250,44.78265
1.61450,250,44.78265
1.61500,250,44.78265
1.61550,250,44.78265
1.61600,250,44.78265
1.61650,250,44.78265
1.61700,250,44.78265
1.61750,250,44.78265
1.61800,250,44.78265
1.61850,250,44.78265
1.61900,250,44.78265
1.61950,250,44.78265
1.62000,250,44.78265
1.62050,250,44.78265
1.62100,250,44.78265
1.62150,250,44.78265
1.62200,250,44.78265
1.62250,250,44.57677
1.62300,250,44.57677
1.62350,250,44.57677
1.62400,250,44.57677
1.62450,250,44.57677
1.62500,250,44.57677
1.62550,250,44.57677
1.62600,250,44.57677
1.62650,250,44.57677
1.62700,250,44.57677
1.62750,250,44.57677
1.62800,250,44.57677
1.62850,250,44.57677
1.62900,250,44.57677
1.62950,250,44.57677
1.63000,250,44.57677
1.63050,250,44.57677
1.63100,250,44.57677
1.63150,250,44.57677
1.63200,250,44.57677
1.63250,250,44.57677
1.63300,250,44.57677
1.63350,250,44.57677
1.63400,250,44.57677
1.63450,250,44.27522
1.63500,250,44.27522
1.63550,250,44.27522
1.63600,250,44.27522
1.63650,250,44.27522
1.63700,250,44.27522
1.63750,250,44.27522
1.63800,250,44.27522
1.63850,250,44.27522
1.63900,250,44.27522
1.63950,250,44.27522
1.64000,250,44.27522
1.64050,250,44.27522
1.64100,250,44.27522
1.64150,250,44.27522
1.64200,250,44.27522
1.64250,250,44.27522
1.64300,250,44.27522
1.64350,250,44.27522
1.64400,250,44.27522
1.64450,250,44.27522
1.64500,250,44.27522
1.64550,250,44.27522
1.64600,250,44.43680
1.64650,250,44.43680
1.64700,250,44.43680
1.64750,250,44.43680
1.64800,250,44.43680
1.64850,250,44.43680
1.64900,250,44.43680
1.64950,250,44.43680
1.65000,250,44.43680
1.65050,250,44.43680
1.65100,250,44.43680
1.65150,250,44.43680
1.65200,250,44.43680
1.65250,250,44.43680
1.65300,250,44.43680
1.65350,250,44.43680
1.65400,250,44.43680
1.65450,250,44.43680
1.65500,250,44.43680
1.65550,250,44.43680
1.65600,250,44.43680
1.65650,250,44.43680
1.65700,250,44.43680
1.65750,250,44.43680
1.65800,250,43.88925
1.65850,250,43.88925
1.65900,250,43.88925
1.65950,250,43.88925
1.66000,250,43.88925
1.66050,250,43.88925
1.66100,250,43.88925
1.66150,250,43.88925
1.66200,250,43.88925
1.66250,250,43.88925
1.66300,250,43.88925
1.66350,250,43.88925
1.66400,250,43.88925
1.66450,250,43.88925
1.66500,250,43.88925
1.66550,250,43.88925
1.66600,250,43.88925
1.66650,250,43.88925
1.66700,250,43.88925
1.66750,250,43.88925
1.66800,250,43.88925
1.66850,250,43.88925
1.66900,250,43.88925
1.66950,250,43.88925
1.67000,250,44.04802
1.67050,250,44.04802
1.67100,250,44.04802
1.67150,250,44.04802
1.67200,250,44.04802
1.67250,250,44.04802
1.67300,250,44.04802
1.67350,250,44.04802
1.67400,250,44.04802
1.67450,250,44.04802
1.67500,250,44.04802
1.67550,250,44.04802
1.67600,250,44.04802
1.67650,250,44.04802
1.67700,250,44.04802
1.67750,250,44.04802
1.67800,250,44.04802
1.67850,250,44.04802
1.67900,250,44.04802
1.67950,250,44.04802
1.68000,250,44.04802
1.68050,250,44.04802
1.68100,250,44.04802
1.68150,250,44.04802
1.68200,250,43.69513
1.68250,250,43.69513
1.68300,250,43.69513
1.68350,250,43.69513
1.68400,250,43.69513
1.68450,250,43.69513
1.68500,250,43.69513
1.68550,250,43.69513
1.68600,250,43.69513
1.68650,250,43.69513
1.68700,250,43.69513
1.68750,250,43.69513
1.68800,250,43.69513
1.68850,250,43.69513
1.68900,250,43.69513
1.68950,250,43.69513
1.69000,250,43.69513
1.69050,250,43.69513
1.69100,250,43.69513
1.69150,250,43.69513
1.69200,250,43.69513
1.69250,250,43.69513
1.69300,250,43.69513
1.69350,250,43.69513
1.69400,250,43.34068
1.69450,250,43.34068
1.69500,250,43.34068
1.69550,250,43.34068
1.69600,250,43.34068
1.69650,250,43.34068
1.69700,250,43.34068
1.69750,250,43.34068
1.69800,250,43.34068
1.69850,250,43.34068
1.69900,250,43.34068
1.69950,250,43.34068
1.70000,250,43.34068
1.70050,250,43.34068
1.70100,250,43.34068
1.70150,250,43.34068
1.70200,250,43.34068
1.70250,250,43.34068
1.70300,250,43.34068
1.70350,250,43.34068
1.70400,250,43.34068
1.70450,250,43.34068
1.70500,250,43.34068
1.70550,250,43.34068
1.70600,250,43.34068
1.70650,250,43.18697
1.70700,250,43.18697
1.70750,250,43.18697
1.70800,250,43.18697
1.70850,250,43.18697
1.70900,250,43.18697
1.70950,250,43.18697
1.71000,250,43.18697
1.71050,250,43.18697
1.71100,250,43.18697
1.71150,250,43.18697
1.71200,250,43.18697
1.71250,250,43.18697
1.71300,250,43.18697
1.71350,250,43.18697
1.71400,250,43.18697
1.71450,250,43.18697
1.71500,250,43.18697
1.71550,250,43.18697
1.71600,250,43.18697
1.71650,250,43.18697
1.71700,250,43.18697
1.71750,250,43.18697
1.71800,250,43.18697
1.71850,250,43.52442
1.71900,250,43.52442
1.71950,250,43.52442
1.72000,250,43.52442
1.72050,250,43.52442
1.72100,250,43.52442
1.72150,250,43.52442
1.72200,250,43.52442
1.72250,250,43.52442
1.72300,250,43.52442
1.72350,250,43.52442
1.72400,250,43.52442
1.72450,250,43.52442
1.72500,250,43.52442
1.72550,250,43.52442
1.72600,250,43.52442
1.72650,250,43.52442
1.72700,250,43.52442
1.72750,250,43.52442
1.72800,250,43.52442
1.72850,250,43.52442
1.72900,250,43.52442
1.72950,250,43.52442
1.73000,250,43.52442
1.73050,250,43.66962
1.73100,250,43.66962
1.73150,250,43.66962
1.73200,250,43.66962
1.73250,250,43.66962
1.73300,250,43.66962
1.73350,250,43.66962
1.73400,250,43.66962
1.73450,250,43.66962
1.73500,250,43.66962
1.73550,250,43.66962
1.73600,250,43.66962
1.73650,250,43.66962
1.73700,250,43.66962
1.73750,250,43.66962
1.73800,250,43.66962
1.73850,250,43.66962
1.73900,250,43.66962
1.73950,250,43.66962
1.74000,250,43.66962
1.74050,250,43.66962
1.74100,250,43.66962
1.74150,250,46.00639
1.74200,250,46.00639
1.74250,250,46.00639
1.74300,250,46.00639
1.74350,250,46.00639
1.74400,250,46.00639
1.74450,250,46.00639
1.74500,250,46.00639
1.74550,250,46.00639
1.74600,250,46.00639
1.74650,250,46.00639
1.74700,250,46.00639
1.74750,250,46.00639
1.74800,250,46.00639
1.74850,250,46.00639
1.74900,250,46.00639
1.74950,250,46.00639
1.75000,250,46.00639
1.75050,250,46.00639
1.75100,250,46.00639
1.75150,250,46.00639
1.75200,250,46.00639
1.75250,250,46.00639
1.75300,250,46.30339
1.75350,250,46.30339
1.75400,250,46.30339
1.75450,250,46.30339
1.75500,250,46.30339
1.75550,250,46.30339
1.75600,250,46.30339
1.75650,250,46.30339
1.75700,250,46.30339
1.75750,250,46.30339
1.75800,250,46.30339
1.75850,250,46.30339
1.75900,250,46.30339
1.75950,250,46.30339
1.76000,250,46.30339
1.76050,250,46.30339
1.76100,250,46.30339
1.76150,250,46.30339
1.76200,250,46.30339
1.76250,250,46.30339
1.76300,250,46.30339
1.76350,250,46.30339
1.76400,250,46.30339
1.76450,250,46.30339
1.76500,250,43.04141
1.76550,250,43.04141
1.76600,250,43.04141
1.76650,250,43.04141
1.76700,250,43.04141
1.76750,250,43.04141
1.76800,250,43.04141
1.76850,250,43.04141
1.76900,250,43.04141
1.76950,250,43.04141
1.77000,250,43.04141
1.77050,250,43.04141
1.77100,250,43.04141
1.77150,250,43.04141
1.77200,250,43.04141
1.77250,250,43.04141
1.77300,250,43.04141
1.77350,250,43.04141
1.77400,250,43.04141
1.77450,250,43.04141
1.77500,250,43.04141
1.77550,250,43.04141
1.77600,250,43.04141
1.77650,250,43.04141
1.77700,250,43.04141
1.77750,250,42.46199
1.77800,250,42.46199
1.77850,250,42.46199
1.77900,250,42.46199
1.77950,250,42.46199
1.78000,250,42.46199
1.78050,250,42.46199
1.78100,250,42.46199
1.78150,250,42.46199
1.78200,250,42.46199
1.78250,250,42.46199
1.78300,250,42.46199
1.78350,250,42.46199
1.78400,250,42.46199
1.78450,250,42.46199
1.78500,250,42.46199
1.78550,250,42.46199
1.78600,250,42.46199
1.78650,250,42.46199
1.78700,250,42.46199
1.78750,250,42.46199
1.78800,250,42.46199
1.78850,250,42.46199
1.78900,250,45.07953
1.78950,250,45.07953
1.79000,250,45.07953
1.79050,250,45.07953
1.79100,250,45.07953
1.79150,250,45.07953
1.79200,250,45.07953
1.79250,250,45.07953
1.79300,250,45.07953
1.79350,250,45.07953
1.79400,250,45.07953
1.79450,250,45.07953
1.79500,250,45.07953
1.79550,250,45.07953
1.79600,250,45.07953
1.79650,250,45.07953
1.79700,250,45.07953
1.79750,250,45.07953
1.79800,250,45.07953
1.79850,250,45.07953
1.79900,250,45.07953
1.79950,250,45.07953
1.80000,250,45.07953
1.80050,250,45.07953
1.80100,250,44.72145
1.80150,250,44.72145
1.80200,250,44.72145
1.80250,250,44.72145
1.80300,250,44.72145
1.80350,250,44.72145
1.80400,250,44.72145
1.80450,250,44.72145
1.80500,250,44.72145
1.80550,250,44.72145
1.80600,250,44.72145
1.80650,250,44.72145
1.80700,250,44.72145
1.80750,250,44.72145
1.80800,250,44.72145
1.80850,250,44.72145
1.80900,250,44.72145
1.80950,250,44.72145
1.81000,250,44.72145
1.81050,250,44.72145
1.81100,250,44.72145
1.81150,250,44.72145
1.81200,250,44.72145
1.81250,250,44.80948
1.81300,250,44.80948
1.81350,250,44.80948
1.81400,250,44.80948
1.81450,250,44.80948
1.81500,250,44.80948
1.81550,250,44.80948
1.81600,250,44.80948
1.81650,250,44.80948
1.81700,250,44.80948
1.81750,250,44.80948
1.81800,250,44.80948
1.81850,250,44.80948
1.81900,250,44.80948
1.81950,250,44.80948
1.82000,250,44.80948
1.82050,250,44.80948
1.82100,250,44.80948
1.82150,250,44.80948
1.82200,250,44.80948
1.82250,250,44.80948
1.82300,250,44.80948
1.82350,250,44.80948
1.82400,250,44.80948
1.82450,250,44.22660
1.82500,250,44.22660
1.82550,250,44.22660
1.82600,250,44.22660
1.82650,250,44.22660
1.82700,250,44.22660
1.82750,250,44.22660
1.82800,250,44.22660
1.82850,250,44.22660
1.82900,250,44.22660
1.82950,250,44.22660
1.83000,250,44.22660
1.83050,250,44.22660
1.83100,250,44.22660
1.83150,250,44.22660
1.83200,250,44.22660
1.83250,250,44.22660
1.83300,250,44.22660
1.83350,250,44.22660
1.83400,250,44.22660
1.83450,250,44.22660
1.83500,250,44.22660
1.83550,250,44.22660
1.83600,250,44.22660
1.83650,250,43.16916
1.83700,250,43.16916
1.83750,250,43.16916
1.83800,250,43.16916
1.83850,250,43.16916
1.83900,250,43.16916
1.83950,250,43.16916
1.84000,250,43.16916
1.84050,250,43.16916
1.84100,250,43.16916
1.84150,250,43.16916
1.84200,250,43.16916
1.84250,250,43.16916
1.84300,250,43.16916
1.84350,250,43.16916
1.84400,250,43.16916
1.84450,250,43.16916
1.84500,250,43.16916
1.84550,250,43.16916
1.84600,250,43.16916
1.84650,250,43.16916
1.84700,250,43.16916
1.84750,250,43.16916
1.84800,250,43.16916
1.84850,250,43.16916
1.84900,250,42.07978
1.84950,250,42.07978
1.85000,250,42.07978
1.85050,250,42.07978
1.85100,250,42.07978
1.85150,250,42.07978
1.85200,250,42.07978
1.85250,250,42.07978
1.85300,250,42.07978
1.85350,250,42.07978
1.85400,250,42.07978
1.85450,250,42.07978
1.85500,250,42.07978
1.85550,250,42.07978
1.85600,250,42.07978
1.85650,250,42.07978
1.85700,250,42.07978
1.85750,250,42.07978
1.85800,250,42.07978
1.85850,250,42.07978
1.85900,250,42.07978
1.85950,250,42.07978
1.86000,250,42.07978
1.86050,250,42.07978
1.86100,250,44.26773
1.86150,250,44.26773
1.86200,250,44.26773
1.86250,250,44.26773
1.86300,250,44.26773
1.86350,250,44.26773
1.86400,250,44.26773
1.86450,250,44.26773
1.86500,250,44.26773
1.86550,250,44.26773
1.86600,250,44.26773
1.86650,250,44.26773
1.86700,250,44.26773
1.86750,250,44.26773
1.86800,250,44.26773
1.86850,250,44.26773
1.86900,250,44.26773
1.86950,250,44.26773
1.87000,250,44.26773
1.87050,250,44.26773
1.87100,250,44.26773
1.87150,250,44.26773
1.87200,250,44.26773
1.87250,250,44.91711
1.87300,250,44.91711
1.87350,250,44.91711
1.87400,250,44.91711
1.87450,250,44.91711
1.87500,250,44.91711
1.87550,250,44.91711
1.87600,250,44.91711
1.87650,250,44.91711
1.87700,250,44.91711
1.87750,250,44.91711
1.87800,250,44.91711
1.87850,250,44.91711
1.87900,250,44.91711
1.87950,250,44.91711
1.88000,250,44.91711
1.88050,250,44.91711
1.88100,250,44.91711
1.88150,250,44.91711
1.88200,250,44.91711
1.88250,250,44.91711
1.88300,250,44.91711
1.88350,250,44.91711
1.88400,250,44.95568
1.88450,250,44.95568
1.88500,250,44.95568
1.88550,250,44.95568
1.88600,250,44.95568
1.88650,250,44.95568
1.88700,250,44.95568
1.88750,250,44.95568
1.88800,250,44.95568
1.88850,250,44.95568
1.88900,250,44.95568
1.88950,250,44.95568
1.89000,250,44.95568
1.89050,250,44.95568
1.89100,250,44.95568
1.89150,250,44.95568
1.89200,250,44.95568
1.89250,250,44.95568
1.89300,250,44.95568
1.89350,250,44.95568
1.89400,250,44.95568
1.89450,250,44.95568
1.89500,250,44.95568
1.89550,250,44.95568
1.89600,250,44.64519
1.89650,250,44.64519
1.89700,250,44.64519
1.89750,250,44.64519
1.89800,250,44.64519
1.89850,250,44.64519
1.89900,250,44.64519
1.89950,250,44.64519
1.90000,250,44.64519
1.90050,250,44.64519
1.90100,250,44.64519
1.90150,250,44.64519
1.90200,250,44.64519
1.90250,250,44.64519
1.90300,250,44.64519
1.90350,250,44.64519
1.90400,250,44.64519
1.90450,250,44.64519
1.90500,250,44.64519
1.90550,250,44.64519
1.90600,250,44.64519
1.90650,250,44.64519
1.90700,250,44.64519
1.90750,250,44.39912
1.90800,250,44.39912
1.90850,250,44.39912
1.90900,250,44.39912
1.90950,250,44.39912
1.91000,250,44.39912
1.91050,250,44.39912
1.91100,250,44.39912
1.91150,250,44.39912
1.91200,250,44.39912
1.91250,250,44.39912
1.91300,250,44.39912
1.91350,250,44.39912
1.91400,250,44.39912
1.91450,250,44.39912
1.91500,250,44.39912
1.91550,250,44.39912
1.91600,250,44.39912
1.91650,250,44.39912
1.91700,250,44.39912
1.91750,250,44.39912
1.91800,250,44.39912
1.91850,250,44.39912
1.91900,250,44.39912
1.91950,250,44.09253
1.92000,250,44.09253
1.92050,250,44.09253
1.92100,250,44.09253
1.92150,250,44.09253
1.92200,250,44.09253
1.92250,250,44.09253
1.92300,250,44.09253
1.92350,250,44.09253
1.92400,250,44.09253
1.92450,250,44.09253
1.92500,250,44.09253
1.92550,250,44.09253
1.92600,250,44.09253
1.92650,250,44.09253
1.92700,250,44.09253
1.92750,250,44.09253
1.92800,250,44.09253
1.92850,250,44.09253
1.92900,250,44.09253
1.92950,250,44.09253
1.93000,250,44.09253
1.93050,250,44.09253
1.93100,250,44.09253
1.93150,250,44.25651
1.93200,250,44.25651
1.93250,250,44.25651
1.93300,250,44.25651
1.93350,250,44.25651
1.93400,250,44.25651
1.93450,250,44.25651
1.93500,250,44.25651
1.93550,250,44.25651
1.93600,250,44.25651
1.93650,250,44.25651
1.93700,250,44.25651
1.93750,250,44.25651
1.93800,250,44.25651
1.93850,250,44.25651
1.93900,250,44.25651
1.93950,250,44.25651
1.94000,250,44.25651
1.94050,250,44.25651
1.94100,250,44.25651
1.94150,250,44.25651
1.94200,250,44.25651
1.94250,250,44.25651
1.94300,250,44.25651
1.94350,250,43.78648
1.94400,250,43.78648
1.94450,250,43.78648
1.94500,250,43.78648
1.94550,250,43.78648
1.94600,250,43.78648
1.94650,250,43.78648
1.94700,250,43.78648
1.94750,250,43.78648
1.94800,250,43.78648
1.94850,250,43.78648
1.94900,250,43.78648
1.94950,250,43.78648
1.95000,250,43.78648
1.95050,250,43.78648
1.95100,250,43.78648
1.95150,250,43.78648
1.95200,250,43.78648
1.95250,250,43.78648
1.95300,250,43.78648
1.95350,250,43.78648
1.95400,250,43.78648
1.95450,250,43.78648
1.95500,250,43.78648
1.95550,250,44.19301
1.95600,250,44.19301
1.95650,250,44.19301
1.95700,250,44.19301
1.95750,250,44.19301
1.95800,250,44.19301
1.95850,250,44.19301
1.95900,250,44.19301
1.95950,250,44.19301
1.96000,250,44.19301
1.96050,250,44.19301
1.96100,250,44.19301
1.96150,250,44.19301
1.96200,250,44.19301
1.96250,250,44.19301
1.96300,250,44.19301
1.96350,250,44.19301
1.96400,250,44.19301
1.96450,250,44.19301
1.96500,250,44.19301
1.96550,250,44.19301
1.96600,250,44.19301
1.96650,250,44.19301
1.96700,250,43.88190
1.96750,250,43.88190
1.96800,250,43.88190
1.96850,250,43.88190
1.96900,250,43.88190
1.96950,250,43.88190
1.97000,250,43.88190
1.97050,250,43.88190
1.97100,250,43.88190
1.97150,250,43.88190
1.97200,250,43.88190
1.97250,250,43.88190
1.97300,250,43.88190
1.97350,250,43.88190
1.97400,250,43.88190
1.97450,250,43.88190
1.97500,250,43.88190
1.97550,250,43.88190
1.97600,250,43.88190
1.97650,250,43.88190
1.97700,250,43.88190
1.97750,250,43.88190
1.97800,250,43.88190
1.97850,250,43.88190
1.97900,250,44.10739
1.97950,250,44.10739
1.98000,250,44.10739
1.98050,250,44.10739
1.98100,250,44.10739
1.98150,250,44.10739
1.98200,250,44.10739
1.98250,250,44.10739
1.98300,250,44.10739
1.98350,250,44.10739
1.98400,250,44.10739
1.98450,250,44.10739
1.98500,250,44.10739
1.98550,250,44.10739
1.98600,250,44.10739
1.98650,250,44.10739
1.98700,250,44.10739
1.98750,250,44.10739
1.98800,250,44.10739
1.98850,250,44.10739
1.98900,250,44.10739
1.98950,250,44.10739
1.99000,250,44.10739
1.99050,250,44.10739
1.99100,250,44.06655
1.99150,250,44.06655
1.99200,250,44.06655
1.99250,250,44.06655
1.99300,250,44.06655
1.99350,250,44.06655
1.99400,250,44.06655
1.99450,250,44.06655
1.99500,250,44.06655
1.99550,250,44.06655
1.99600,250,44.06655
1.99650,250,44.06655
1.99700,250,44.06655
1.99750,250,44.06655
1.99800,250,44.06655
1.99850,250,44.06655
1.99900,250,44.06655
1.99950,250,44.06655
2.00000,250,44.06655
2.00050,250,44.06655
2.00100,250,44.06655
2.00150,250,44.06655
2.00200,250,44.06655
2.00250,250,44.06655
2.00300,250,44.21167
2.00350,250,44.21167
2.00400,250,44.21167
2.00450,250,44.21167
2.00500,250,44.21167
2.00550,250,44.21167
2.00600,250,44.21167
2.00650,250,44.21167
2.00700,250,44.21167
2.00750,250,44.21167
2.00800,250,44.21167
2.00850,250,44.21167
2.00900,250,44.21167
2.00950,250,44.21167
2.01000,250,44.21167
2.01050,250,44.21167
2.01100,250,44.21167
2.01150,250,44.21167
2.01200,250,44.21167
2.01250,250,44.21167
2.01300,250,44.21167
2.01350,250,44.21167
2.01400,250,44.21167
2.01450,250,44.26399
2.01500,250,44.26399
2.01550,250,44.26399
2.01600,250,44.26399
2.01650,250,44.26399
2.01700,250,44.26399
2.01750,250,44.26399
2.01800,250,44.26399
2.01850,250,44.26399
2.01900,250,44.26399
2.01950,250,44.26399
2.02000,250,44.26399
2.02050,250,44.26399
2.02100,250,44.26399
2.02150,250,44.26399
2.02200,250,44.26399
2.02250,250,44.26399
2.02300,250,44.26399
2.02350,250,44.26399
2.02400,250,44.26399
2.02450,250,44.26399
2.02500,250,44.26399
2.02550,250,44.26399
2.02600,250,44.26399
2.02650,250,44.46321
2.02700,250,44.46321
2.02750,250,44.46321
2.02800,250,44.46321
2.02850,250,44.46321
2.02900,250,44.46321
2.02950,250,44.46321
2.03000,250,44.46321
2.03050,250,44.46321
2.03100,250,44.46321
2.03150,250,44.46321
2.03200,250,44.46321
2.03250,250,44.46321
2.03300,250,44.46321
2.03350,250,44.46321
2.03400,250,44.46321
2.03450,250,44.46321
2.03500,250,44.46321
2.03550,250,44.46321
2.03600,250,44.46321
2.03650,250,44.46321
2.03700,250,44.46321
2.03750,250,44.46321
2.03800,250,44.46321
2.03850,250,44.25651
2.03900,250,44.25651
2.03950,250,44.25651
2.04000,250,44.25651
2.04050,250,44.25651
2.04100,250,44.25651
2.04150,250,44.25651
2.04200,250,44.25651
2.04250,250,44.25651
2.04300,250,44.25651
2.04350,250,44.25651
2.04400,250,44.25651
2.04450,250,44.25651
2.04500,250,44.25651
2.04550,250,44.25651
2.04600,250,44.25651
2.04650,250,44.25651
2.04700,250,44.25651
2.04750,250,44.25651
2.04800,250,44.25651
2.04850,250,44.25651
2.04900,250,44.25651
2.04950,250,44.25651
2.05000,250,44.02950
2.05050,250,44.02950
2.05100,250,44.02950
2.05150,250,44.02950
2.05200,250,44.02950
2.05250,250,44.02950
2.05300,250,44.02950
2.05350,250,44.02950
2.05400,250,44.02950
2.05450,250,44.02950
2.05500,250,44.02950
2.05550,250,44.02950
2.05600,250,44.02950
2.05650,250,44.02950
2.05700,250,44.02950
2.05750,250,44.02950
2.05800,250,44.02950
2.05850,250,44.02950
2.05900,250,44.02950
2.05950,250,44.02950
2.06000,250,44.02950
2.06050,250,44.02950
2.06100,250,44.02950
2.06150,250,44.02950
2.06200,250,43.72797
2.06250,250,43.72797
2.06300,250,43.72797
2.06350,250,43.72797
2.06400,250,43.72797
2.06450,250,43.72797
2.06500,250,43.72797
2.06550,250,43.72797
2.06600,250,43.72797
2.06650,250,43.72797
2.06700,250,43.72797
2.06750,250,43.72797
2.06800,250,43.72797
2.06850,250,43.72797
2.06900,250,43.72797
2.06950,250,43.72797
2.07000,250,43.72797
2.07050,250,43.72797
2.07100,250,43.72797
2.07150,250,43.72797
2.07200,250,43.72797
2.07250,250,43.72797
2.07300,250,43.72797
2.07350,250,43.72797
2.07400,250,43.88557
2.07450,250,43.88557
2.07500,250,43.88557
2.07550,250,43.88557
2.07600,250,43.88557
2.07650,250,43.88557
2.07700,250,43.88557
2.07750,250,43.88557
2.07800,250,43.88557
2.07850,250,43.88557
2.07900,250,43.88557
2.07950,250,43.88557
2.08000,250,43.88557
2.08050,250,43.88557
2.08100,250,43.88557
2.08150,250,43.88557
2.08200,250,43.88557
2.08250,250,43.88557
2.08300,250,43.88557
2.08350,250,43.88557
2.08400,250,43.88557
2.08450,250,43.88557
2.08500,250,43.88557
2.08550,250,43.88557
2.08600,250,43.76453
2.08650,250,43.76453
2.08700,250,43.76453
2.08750,250,43.76453
2.08800,250,43.76453
2.08850,250,43.76453
2.08900,250,43.76453
2.08950,250,43.76453
2.09000,250,43.76453
2.09050,250,43.76453
2.09100,250,43.76453
2.09150,250,43.76453
2.09200,250,43.76453
2.09250,250,43.76453
2.09300,250,43.76453
2.09350,250,43.76453
2.09400,250,43.76453
2.09450,250,43.76453
2.09500,250,43.76453
2.09550,250,43.76453
2.09600,250,43.76453
2.09650,250,43.76453
2.09700,250,43.76453
2.09750,250,43.76453
2.09800,250,44.41795
2.09850,250,44.41795
2.09900,250,44.41795
2.09950,250,44.41795
2.10000,250,44.41795
2.10050,250,44.41795
2.10100,250,44.41795
2.10150,250,44.41795
2.10200,250,44.41795
2.10250,250,44.41795
2.10300,250,44.41795
2.10350,250,44.41795
2.10400,250,44.41795
2.10450,250,44.41795
2.10500,250,44.41795
2.10550,250,44.41795
2.10600,250,44.41795
2.10650,250,44.41795
2.10700,250,44.41795
2.10750,250,44.41795
2.10800,250,44.41795
2.10850,250,44.41795
2.10900,250,44.41795
2.10950,250,44.41795
2.11000,250,44.02950
2.11050,250,44.02950
2.11100,250,44.02950
2.11150,250,44.02950
2.11200,250,44.02950
2.11250,250,44.02950
2.11300,250,44.02950
2.11350,250,44.02950
2.11400,250,44.02950
2.11450,250,44.02950
2.11500,250,44.02950
2.11550,250,44.02950
2.11600,250,44.02950
2.11650,250,44.02950
2.11700,250,44.02950
2.11750,250,44.02950
2.11800,250,44.02950
2.11850,250,44.02950
2.11900,250,44.02950
2.11950,250,44.02950
2.12000,250,44.02950
2.12050,250,44.02950
2.12100,250,44.02950
2.12150,250,44.02950
2.12200,250,43.86351
2.12250,250,43.86351
2.12300,250,43.86351
2.12350,250,43.86351
2.12400,250,43.86351
2.12450,250,43.86351
2.12500,250,43.86351
2.12550,250,43.86351
2.12600,250,43.86351
2.12650,250,43.86351
2.12700,250,43.86351
2.12750,250,43.86351
2.12800,250,43.86351
2.12850,250,43.86351
2.12900,250,43.86351
2.12950,250,43.86351
2.13000,250,43.86351
2.13050,250,43.86351
2.13100,250,43.86351
2.13150,250,43.86351
2.13200,250,43.86351
2.13250,250,43.86351
2.13300,250,43.86351
2.13351,250,43.81947
2.13400,250,43.81947
2.13450,250,43.81947
2.13500,250,43.81947
2.13550,250,43.81947
2.13600,250,43.81947
2.13650,250,43.81947
2.13700,250,43.81947
2.13750,250,43.81947
2.13800,250,43.81947
2.13850,250,43.81947
2.13900,250,43.81947
2.13950,250,43.81947
2.14000,250,43.81947
2.14050,250,43.81947
2.14100,250,43.81947
2.14150,250,43.81947
2.14200,250,43.81947
2.14250,250,43.81947
2.14300,250,43.81947
2.14350,250,43.81947
2.14400,250,43.81947
2.14450,250,43.81947
2.14500,250,43.81947
2.14550,250,43.81947
2.14600,250,43.04141
2.14650,250,43.04141
2.14700,250,43.04141
2.14750,250,43.04141
2.14800,250,43.04141
2.14850,250,43.04141
2.14900,250,43.04141
2.14950,250,43.04141
2.15000,250,43.04141
2.15050,250,43.04141
2.15100,250,43.04141
2.15150,250,43.04141
2.15200,250,43.04141
2.15250,250,43.04141
2.15300,250,43.04141
2.15350,250,43.04141
2.15400,250,43.04141
2.15450,250,43.04141
2.15500,250,43.04141
2.15550,250,43.04141
2.15600,250,43.04141
2.15650,250,43.04141
2.15700,250,43.04141
2.15750,250,43.04141
2.15800,250,42.74974
2.15850,250,42.74974
2.15900,250,42.74974
2.15950,250,42.74974
2.16000,250,42.74974
2.16050,250,42.74974
2.16100,250,42.74974
2.16150,250,42.74974
2.16200,250,42.74974
2.16250,250,42.74974
2.16300,250,42.74974
2.16350,250,42.74974
2.16400,250,42.74974
2.16450,250,42.74974
2.16500,250,42.74974
2.16550,250,42.74974
2.16600,250,42.74974
2.16650,250,42.74974
2.16700,250,42.74974
2.16750,250,42.74974
2.16800,250,42.74974
2.16850,250,42.74974
2.16900,250,42.74974
2.16950,250,42.74974
2.17000,250,43.67326
2.17050,250,43.67326
2.17100,250,43.67326
2.17150,250,43.67326
2.17200,250,43.67326
2.17250,250,43.67326
2.17300,250,43.67326
2.17350,250,43.67326
2.17400,250,43.67326
2.17450,250,43.67326
2.17500,250,43.67326
2.17550,250,43.67326
2.17600,250,43.67326
2.17650,250,43.67326
2.17700,250,43.67326
2.17750,250,43.67326
2.17800,250,43.67326
2.17850,250,43.67326
2.17900,250,43.67326
2.17950,250,43.67326
2.18000,250,43.67326
2.18050,250,43.67326
2.18100,250,43.67326
2.18150,250,43.67326
2.18200,250,43.77916
2.18250,250,43.77916
2.18300,250,43.77916
2.18350,250,43.77916
2.18400,250,43.77916
2.18450,250,43.77916
2.18500,250,43.77916
2.18550,250,43.77916
2.18600,250,43.77916
2.18650,250,43.77916
2.18700,250,43.77916
2.18750,250,43.77916
2.18800,250,43.77916
2.18850,250,43.77916
2.18900,250,43.77916
2.18950,250,43.77916
2.19000,250,43.77916
2.19050,250,43.77916
2.19100,250,43.77916
2.19150,250,43.77916
2.19200,250,43.77916
2.19250,250,43.77916
2.19300,250,43.77916
2.19350,250,46.25022
2.19400,250,46.25022
2.19450,250,46.25022
2.19500,250,46.25022
2.19550,250,46.25022
2.19600,250,46.25022
2.19650,250,46.25022
2.19700,250,46.25022
2.19750,250,46.25022
2.19800,250,46.25022
2.19850,250,46.25022
2.19900,250,46.25022
2.19950,250,46.25022
2.20000,250,46.25022
2.20050,250,46.25022
2.20100,250,46.25022
2.20150,250,46.25022
2.20200,250,46.25022
2.20250,250,46.25022
2.20300,250,46.25022
2.20350,250,46.25022
2.20400,250,46.25022
2.20450,250,46.25022
2.20500,250,45.38431
2.20550,250,45.38431
2.20600,250,45.38431
2.20650,250,45.38431
2.20700,250,45.38431
2.20750,250,45.38431
2.20800,250,45.38431
2.20850,250,45.38431
2.20900,250,45.38431
2.20950,250,45.38431
2.21000,250,45.38431
2.21050,250,45.38431
2.21100,250,45.38431
2.21150,250,45.38431
2.21200,250,45.38431
2.21250,250,45.38431
2.21300,250,45.38431
2.21350,250,45.38431
2.21400,250,45.38431
2.21450,250,45.38431
2.21500,250,45.38431
2.21550,250,45.38431
2.21600,250,45.38431
2.21650,250,45.38431
2.21700,250,45.38431
2.21750,250,45.38431
2.21800,250,39.71471
2.21850,250,39.71471
2.21900,250,39.71471
2.21950,250,39.71471
2.22000,250,39.71471
2.22050,250,39.71471
2.22100,250,39.71471
2.22150,250,39.71471
2.22200,250,39.71471
2.22250,250,39.71471
2.22300,250,39.71471
2.22350,250,39.71471
2.22400,250,39.71471
2.22450,250,39.71471
2.22500,250,39.71471
2.22550,250,39.71471
2.22600,250,39.71471
2.22650,250,39.71471
2.22700,250,39.71471
2.22750,250,39.71471
2.22800,250,39.71471
2.22850,250,39.71471
2.22900,250,39.71471
2.22950,250,46.57938
2.23000,250,46.57938
2.23050,250,46.57938
2.23100,250,46.57938
2.23150,250,46.57938
2.23200,250,46.57938
2.23250,250,46.57938
2.23300,250,46.57938
2.23350,250,46.57938
2.23400,250,46.57938
2.23450,250,46.57938
2.23500,250,46.57938
2.23550,250,46.57938
2.23600,250,46.57938
2.23650,250,46.57938
2.23700,250,46.57938
2.23750,250,46.57938
2.23800,250,46.57938
2.23850,250,46.57938
2.23900,250,46.57938
2.23950,250,46.57938
2.24000,250,46.57938
2.24050,250,46.57938
2.24100,250,46.57938
2.24150,250,43.41255
2.24200,250,43.41255
2.24250,250,43.41255
2.24300,250,43.41255
2.24350,250,43.41255
2.24400,250,43.41255
2.24450,250,43.41255
2.24500,250,43.41255
2.24550,250,43.41255
2.24600,250,43.41255
2.24650,250,43.41255
2.24700,250,43.41255
2.24750,250,43.41255
2.24800,250,43.41255
2.24850,250,43.41255
2.24900,250,43.41255
2.24950,250,43.41255
2.25000,250,43.41255
2.25050,250,43.41255
2.25100,250,43.41255
2.25150,250,43.41255
2.25200,250,43.41255
2.25250,250,43.41255
2.25300,250,43.41255
2.25350,250,43.41255
2.25400,250,41.39448
2.25450,250,41.39448
2.25500,250,41.39448
2.25550,250,41.39448
2.25600,250,41.39448
2.25650,250,41.39448
2.25700,250,41.39448
2.25750,250,41.39448
2.25800,250,41.39448
2.25850,250,41.39448
2.25900,250,41.39448
2.25950,250,41.39448
2.26000,250,41.39448
2.26050,250,41.39448
2.26100,250,41.39448
2.26150,250,41.39448
2.26200,250,41.39448
2.26250,250,41.39448
2.26300,250,41.39448
2.26350,250,41.39448
2.26400,250,41.39448
2.26450,250,41.39448
2.26500,250,41.39448
2.26550,250,41.39448
2.26600,250,41.39448
2.26650,250,42.00552
2.26700,250,42.00552
2.26750,250,42.00552
2.26800,250,42.00552
2.26850,250,42.00552
2.26900,250,42.00552
2.26950,250,42.00552
2.27000,250,42.00552
2.27050,250,42.00552
2.27100,250,42.00552
2.27150,250,42.00552
2.27200,250,42.00552
2.27250,250,42.00552
2.27300,250,42.00552
2.27350,250,42.00552
2.27400,250,42.00552
2.27450,250,42.00552
2.27500,250,42.00552
2.27550,250,42.00552
2.27600,250,42.00552
2.27650,250,42.00552
2.27700,250,42.00552
2.27750,250,42.00552
2.27800,250,42.00552
2.27850,250,44.71000
2.27900,250,44.71000
2.27950,250,44.71000
2.28000,250,44.71000
2.28050,250,44.71000
2.28100,250,44.71000
2.28150,250,44.71000
2.28200,250,44.71000
2.28250,250,44.71000
2.28300,250,44.71000
2.28350,250,44.71000
2.28400,250,44.71000
2.28450,250,44.71000
2.28500,250,44.71000
2.28550,250,44.71000
2.28600,250,44.71000
2.28650,250,44.71000
2.28700,250,44.71000
2.28750,250,44.71000
2.28800,250,44.71000
2.28850,250,44.71000
2.28900,250,44.71000
2.28950,250,44.71000
2.29000,250,44.71000
2.29050,250,42.77418
2.29100,250,42.77418
2.29150,250,42.77418
2.29200,250,42.77418
2.29250,250,42.77418
2.29300,250,42.77418
2.29350,250,42.77418
2.29400,250,42.77418
2.29450,250,42.77418
2.29500,250,42.77418
2.29550,250,42.77418
2.29600,250,42.77418
2.29650,250,42.77418
2.29700,250,42.77418
2.29750,250,42.77418
2.29800,250,42.77418
2.29850,250,42.77418
2.29900,250,42.77418
2.29950,250,42.77418
2.30000,250,42.77418
2.30050,250,42.77418
2.30100,250,42.77418
2.30150,250,42.77418
2.30200,250,42.77418
2.30250,250,42.77418
2.30300,250,41.77428
2.30350,250,41.77428
2.30400,250,41.77428
2.30450,250,41.77428
2.30500,250,41.77428
2.30550,250,41.77428
2.30600,250,41.77428
2.30650,250,41.77428
2.30700,250,41.77428
2.30750,250,41.77428
2.30800,250,41.77428
2.30850,250,41.77428
2.30900,250,41.77428
2.30950,250,41.77428
2.31000,250,41.77428
2.31050,250,41.77428
2.31100,250,41.77428
2.31150,250,41.77428
2.31200,250,41.77428
2.31250,250,41.77428
2.31300,250,41.77428
2.31350,250,41.77428
2.31400,250,41.77428
2.31450,250,41.77428
2.31500,250,44.18928
2.31550,250,44.18928
2.31600,250,44.18928
2.31650,250,44.18928
2.31700,250,44.18928
2.31750,250,44.18928
2.31800,250,44.18928
2.31850,250,44.18928
2.31900,250,44.18928
2.31950,250,44.18928
2.32000,250,44.18928
2.32050,250,44.18928
2.32100,250,44.18928
2.32150,250,44.18928
2.32200,250,44.18928
2.32250,250,44.18928
2.32300,250,44.18928
2.32350,250,44.18928
2.32400,250,44.18928
2.32450,250,44.18928
2.32500,250,44.18928
2.32550,250,44.18928
2.32600,250,44.18928
2.32650,250,44.96340
2.32700,250,44.96340
2.32750,250,44.96340
2.32800,250,44.96340
2.32850,250,44.96340
2.32900,250,44.96340
2.32950,250,44.96340
2.33000,250,44.96340
2.33050,250,44.96340
2.33100,250,44.96340
2.33150,250,44.96340
2.33200,250,44.96340
2.33250,250,44.96340
2.33300,250,44.96340
2.33350,250,44.96340
2.33400,250,44.96340
2.33450,250,44.96340
2.33500,250,44.96340
2.33550,250,44.96340
2.33600,250,44.96340
2.33650,250,44.96340
2.33700,250,44.96340
2.33750,250,44.96340
2.33800,250,44.96340
2.33850,250,44.12969
2.33900,250,44.12969
2.33950,250,44.12969
2.34000,250,44.12969
2.34050,250,44.12969
2.34100,250,44.12969
2.34150,250,44.12969
2.34200,250,44.12969
2.34250,250,44.12969
2.34300,250,44.12969
2.34350,250,44.12969
2.34400,250,44.12969
2.34450,250,44.12969
2.34500,250,44.12969
2.34550,250,44.12969
2.34600,250,44.12969
2.34650,250,44.12969
2.34700,250,44.12969
2.34750,250,44.12969
2.34800,250,44.12969
2.34850,250,44.12969
2.34900,250,44.12969
2.34950,250,44.12969
2.35000,250,44.12969
2.35050,250,43.43776
2.35100,250,43.43776
2.35150,250,43.43776
2.35200,250,43.43776
2.35250,250,43.43776
2.35300,250,43.43776
2.35350,250,43.43776
2.35400,250,43.43776
2.35450,250,43.43776
2.35500,250,43.43776
2.35550,250,43.43776
2.35600,250,43.43776
2.35650,250,43.43776
2.35700,250,43.43776
2.35750,250,43.43776
2.35800,250,43.43776
2.35850,250,43.43776
2.35900,250,43.43776
2.35950,250,43.43776
2.36000,250,43.43776
2.36050,250,43.43776
2.36100,250,43.43776
2.36150,250,43.43776
2.36200,250,43.43776
2.36250,250,43.68055
2.36300,250,43.68055
2.36350,250,43.68055
2.36400,250,43.68055
2.36450,250,43.68055
2.36500,250,43.68055
2.36550,250,43.68055
2.36600,250,43.68055
2.36650,250,43.68055
2.36700,250,43.68055
2.36750,250,43.68055
2.36800,250,43.68055
2.36850,250,43.68055
2.36900,250,43.68055
2.36950,250,43.68055
2.37000,250,43.68055
2.37050,250,43.68055
2.37100,250,43.68055
2.37150,250,43.68055
2.37200,250,43.68055
2.37250,250,43.68055
2.37300,250,43.68055
2.37350,250,43.68055
2.37400,250,43.68055
2.37450,250,43.68055
2.37500,250,43.03080
2.37550,250,43.03080
2.37600,250,43.03080
2.37650,250,43.03080
2.37700,250,43.03080
2.37750,250,43.03080
2.37800,250,43.03080
2.37850,250,43.03080
2.37900,250,43.03080
2.37950,250,43.03080
2.38000,250,43.03080
2.38050,250,43.03080
2.38100,250,43.03080
2.38150,250,43.03080
2.38200,250,43.03080
2.38250,250,43.03080
2.38300,250,43.03080
2.38350,250,43.03080
2.38400,250,43.03080
2.38450,250,43.03080
2.38500,250,43.03080
2.38550,250,43.03080
2.38600,250,43.03080
2.38650,250,43.03080
2.38700,250,43.37299
2.38750,250,43.37299
2.38800,250,43.37299
2.38850,250,43.37299
2.38900,250,43.37299
2.38950,250,43.37299
2.39000,250,43.37299
2.39050,250,43.37299
2.39100,250,43.37299
2.39150,250,43.37299
2.39200,250,43.37299
2.39250,250,43.37299
2.39300,250,43.37299
2.39350,250,43.37299
2.39400,250,43.37299
2.39450,250,43.37299
2.39500,250,43.37299
2.39550,250,43.37299
2.39600,250,43.37299
2.39650,250,43.37299
2.39700,250,43.37299
2.39750,250,43.37299
2.39800,250,43.37299
2.39850,250,43.37299
2.39900,250,43.03787
2.39950,250,43.03787
2.40000,250,43.03787
2.40050,250,43.03787
2.40100,250,43.03787
2.40150,250,43.03787
2.40200,250,43.03787
2.40250,250,43.03787
2.40300,250,43.03787
2.40350,250,43.03787
2.40400,250,43.03787
2.40450,250,43.03787
2.40500,250,43.03787
2.40550,250,43.03787
2.40600,250,43.03787
2.40650,250,43.03787
2.40700,250,43.03787
2.40750,250,43.03787
2.40800,250,43.03787
2.40850,250,43.03787
2.40900,250,43.03787
2.40950,250,43.03787
2.41000,250,43.03787
2.41050,250,43.03787
2.41100,250,43.03787
2.41150,250,42.84769
2.41200,250,42.84769
2.41250,250,42.84769
2.41300,250,42.84769
2.41350,250,42.84769
2.41400,250,42.84769
2.41450,250,42.84769
2.41500,250,42.84769
2.41550,250,42.84769
2.41600,250,42.84769
2.41650,250,42.84769
2.41700,250,42.84769
2.41750,250,42.84769
2.41800,250,42.84769
2.41850,250,42.84769
2.41900,250,42.84769
2.41950,250,42.84769
2.42000,250,42.84769
2.42050,250,42.84769
2.42100,250,42.84769
2.42150,250,42.84769
2.42200,250,42.84769
2.42250,250,42.84769
2.42300,250,42.84769
2.42350,250,43.49549
2.42400,250,43.49549
2.42450,250,43.49549
2.42500,250,43.49549
2.42550,250,43.49549
2.42600,250,43.49549
2.42650,250,43.49549
2.42700,250,43.49549
2.42750,250,43.49549
2.42800,250,43.49549
2.42850,250,43.49549
2.42900,250,43.49549
2.42950,250,43.49549
2.43000,250,43.49549
2.43050,250,43.49549
2.43100,250,43.49549
2.43150,250,43.49549
2.43200,250,43.49549
2.43250,250,43.49549
2.43300,250,43.49549
2.43350,250,43.49549
2.43400,250,43.49549
2.43450,250,43.49549
2.43500,250,44.32770
2.43550,250,44.32770
2.43600,250,44.32770
2.43650,250,44.32770
2.43700,250,44.32770
2.43750,250,44.32770
2.43800,250,44.32770
2.43850,250,44.32770
2.43900,250,44.32770
2.43950,250,44.32770
2.44000,250,44.32770
2.44050,250,44.32770
2.44100,250,44.32770
2.44150,250,44.32770
2.44200,250,44.32770
2.44250,250,44.32770
2.44300,250,44.32770
2.44350,250,44.32770
2.44400,250,44.32770
2.44450,250,44.32770
2.44500,250,44.32770
2.44550,250,44.32770
2.44600,250,44.32770
2.44650,250,44.32770
2.44700,250,44.22287
2.44750,250,44.22287
2.44800,250,44.22287
2.44850,250,44.22287
2.44900,250,44.22287
2.44950,250,44.22287
2.45000,250,44.22287
2.45050,250,44.22287
2.45100,250,44.22287
2.45150,250,44.22287
2.45200,250,44.22287
2.45250,250,44.22287
2.45300,250,44.22287
2.45350,250,44.22287
2.45400,250,44.22287
2.45450,250,44.22287
2.45500,250,44.22287
2.45550,250,44.22287
2.45600,250,44.22287
2.45650,250,44.22287
2.45700,250,44.22287
2.45750,250,44.22287
2.45800,250,44.22287
2.45850,250,44.22287
2.45900,250,43.98881
2.45950,250,43.98881
2.46000,250,43.98881
2.46050,250,43.98881
2.46100,250,43.98881
2.46150,250,43.98881
2.46200,250,43.98881
2.46250,250,43.98881
2.46300,250,43.98881
2.46350,250,43.98881
2.46400,250,43.98881
2.46450,250,43.98881
2.46500,250,43.98881
2.46550,250,43.98881
2.46600,250,43.98881
2.46650,250,43.98881
2.46700,250,43.98881
2.46750,250,43.98881
2.46800,250,43.98881
2.46850,250,43.98881
2.46900,250,43.98881
2.46950,250,43.98881
2.47000,250,43.98881
2.47050,250,43.98881
2.47100,250,43.75356
2.47150,250,43.75356
2.47200,250,43.75356
2.47250,250,43.75356
2.47300,250,43.75356
2.47350,250,43.75356
2.47400,250,43.75356
2.47450,250,43.75356
2.47500,250,43.75356
2.47550,250,43.75356
2.47600,250,43.75356
2.47650,250,43.75356
2.47700,250,43.75356
2.47750,250,43.75356
2.47800,250,43.75356
2.47850,250,43.75356
2.47900,250,43.75356
2.47950,250,43.75356
2.48000,250,43.75356
2.48050,250,43.75356
2.48100,250,43.75356
2.48150,250,43.75356
2.48200,250,43.75356
2.48250,250,43.75356
2.48300,250,43.54252
2.48350,250,43.54252
2.48400,250,43.54252
2.48450,250,43.54252
2.48500,250,43.54252
2.48550,250,43.54252
2.48600,250,43.54252
2.48650,250,43.54252
2.48700,250,43.54252
2.48750,250,43.54252
2.48800,250,43.54252
2.48850,250,43.54252
2.48900,250,43.54252
2.48950,250,43.54252
2.49000,250,43.54252
2.49050,250,43.54252
2.49100,250,43.54252
2.49150,250,43.54252
2.49200,250,43.54252
2.49250,250,43.54252
2.49300,250,43.54252
2.49350,250,43.54252
2.49400,250,43.54252
2.49450,250,43.54252
2.49500,250,43.23689
2.49550,250,43.23689
2.49600,250,43.23689
2.49650,250,43.23689
2.49700,250,43.23689
2.49750,250,43.23689
2.49800,250,43.23689
2.49850,250,43.23689
2.49900,250,43.23689
2.49950,250,43.23689
